created_at,id,ip,quantity,amount
2011-03-26 10:32:29.000000,6GH36010P96442923,99.255.123.57,1.0,5.99
2011-03-26 11:14:30.000000,64A1535524080424U,76.116.236.71,1.0,5.99
2011-03-26 12:53:46.000000,8NU180135J198062X,190.101.60.203,1.0,5.99
2011-03-26 12:54:28.000000,64H49199RU095882P,174.62.72.110,1.0,5.99
2011-03-26 13:35:04.000000,2KU13115PV0412843,24.6.187.56,1.0,5.99
2011-03-26 13:36:02.000000,2BE05806XU918702F,24.84.233.68,1.0,5.99
2011-03-26 14:35:57.000000,1GX116171J563053E,95.8.136.123,1.0,5.99
2011-03-26 16:22:09.000000,50754300PT139034M,72.135.56.113,1.0,5.99
2011-03-26 16:39:41.000000,6XB27228DP549931H,122.148.168.43,1.0,5.99
2011-03-26 17:19:16.000000,4RW70344WN948423V,173.65.179.111,1.0,5.99
2011-03-26 17:35:29.000000,6MY82674KA524214P,68.46.164.213,1.0,5.99
2011-03-26 17:56:57.000000,8ND482884T9817125,66.241.100.171,1.0,5.99
2011-03-26 19:22:36.000000,8Y198051TW853660C,70.246.142.12,1.0,5.99
2011-03-26 21:06:24.000000,20A12410SY761780K,75.20.173.141,1.0,5.99
2011-03-26 21:51:07.000000,61870743BJ4637454,173.29.9.120,1.0,5.99
2011-03-26 22:53:47.000000,9M285130M72326415,98.203.254.161,1.0,5.99
2011-03-27 02:20:58.000000,4HN780944T0131644,85.216.39.105,1.0,5.99
2011-03-27 07:48:07.000000,75L25443Y8359912U,213.115.204.67,1.0,5.99
2011-03-27 09:39:59.000000,8KK651729A2013329,98.117.41.47,1.0,5.99
2011-03-27 17:25:51.000000,96X97244KM377992S,38.99.16.178,1.0,5.99
2011-03-27 18:09:24.000000,7124409993088232U,64.134.234.122,1.0,5.99
2011-03-27 23:15:10.000000,5G061157JK965932F,122.215.62.209,1.0,5.99
2011-03-28 01:18:36.000000,90R573318S049831S,91.127.148.97,1.0,5.99
2011-03-28 04:44:46.000000,2WF27823FM603930T,219.79.35.83,1.0,5.99
2011-03-28 05:31:44.000000,7MF84229U4973573N,158.158.240.230,1.0,5.99
2011-03-28 06:38:41.000000,5V406349RS8456402,178.33.110.46,1.0,5.99
2011-03-28 06:50:11.000000,34N197862V457661S,174.119.228.5,1.0,5.99
2011-03-28 06:55:03.000000,77084759GC287844V,66.211.156.195,1.0,5.99
2011-03-28 06:56:36.000000,4PU41320PS079811D,205.167.128.77,1.0,5.99
2011-03-28 07:06:45.000000,44E65202ND9782708,99.240.222.11,1.0,5.99
2011-03-28 07:17:39.000000,92G21499N0450250N,98.225.147.201,1.0,5.99
2011-03-28 07:57:38.000000,1A737286J83407320,173.164.79.197,1.0,5.99
2011-03-28 08:01:21.000000,7H6894224P012144J,70.34.169.6,1.0,5.99
2011-03-28 08:13:43.000000,8YC017466L535012S,82.109.102.210,1.0,5.99
2011-03-28 08:25:43.000000,0LE17897WC555113R,216.168.111.95,1.0,5.99
2011-03-28 08:30:16.000000,3JX52068LF856605F,205.142.246.147,1.0,5.99
2011-03-28 08:53:44.000000,24Y09021WC072353D,173.164.131.45,1.0,5.99
2011-03-28 09:00:48.000000,4WR34216A75181210,194.137.237.12,1.0,5.99
2011-03-28 09:06:04.000000,18N91294Y7010111S,170.185.232.19,1.0,5.99
2011-03-28 09:17:40.000000,04D37353JD763331A,66.25.174.157,1.0,5.99
2011-03-28 09:25:12.000000,8LH75618NP586960R,72.21.198.66,1.0,5.99
2011-03-28 09:45:28.000000,15D769588T511693H,80.220.166.11,1.0,5.99
2011-03-28 10:05:26.000000,77T30227XG221711P,74.115.160.156,1.0,5.99
2011-03-28 10:56:58.000000,19T14245B7594153S,99.241.43.44,1.0,5.99
2011-03-28 11:35:13.000000,7P283040P6502905R,75.108.164.226,1.0,5.99
2011-03-28 11:44:20.000000,79X4641091553632F,64.51.245.205,1.0,5.99
2011-03-28 14:31:38.000000,8KL99804BT267311A,76.97.210.216,1.0,5.99
2011-03-28 14:48:38.000000,1DN48141NL047070T,205.169.156.2,1.0,5.99
2011-03-28 15:15:19.000000,3V421409M2153280J,207.38.252.195,1.0,5.99
2011-03-28 15:50:19.000000,1WH3839655550034K,134.134.139.70,1.0,5.99
2011-03-28 16:28:28.000000,17088826BF0621938,69.249.254.97,1.0,5.99
2011-03-28 16:30:42.000000,6UA77235EY079710J,166.205.11.94,1.0,5.99
2011-03-28 16:32:15.000000,06C691723N409633G,71.116.27.71,1.0,5.99
2011-03-28 16:50:58.000000,1D422695UK724482R,115.64.98.138,1.0,5.99
2011-03-28 17:10:20.000000,8YU84127YN520960F,69.172.149.18,1.0,5.99
2011-03-28 18:50:57.000000,8L28598692634863W,113.212.169.82,1.0,5.99
2011-03-28 19:23:09.000000,90J651477U3331927,96.53.195.33,1.0,5.99
2011-03-28 20:15:51.000000,19T35587D8875472Y,98.238.3.113,1.0,5.99
2011-03-28 21:57:57.000000,2L179497GB953163E,206.124.143.234,1.0,5.99
2011-03-28 23:24:50.000000,6GM51409V8860212E,91.154.89.82,1.0,5.99
2011-03-29 01:17:58.000000,5BA449637M256500W,193.166.253.68,1.0,5.99
2011-03-29 02:38:57.000000,57F12255SL318605N,194.237.142.6,1.0,5.99
2011-03-29 06:03:36.000000,55W60620JA044944Y,76.179.68.242,1.0,5.99
2011-03-29 06:07:23.000000,5AJ56139655868408,165.91.224.234,1.0,5.99
2011-03-29 06:22:08.000000,2A470647Y3068154J,75.49.208.133,1.0,5.99
2011-03-29 07:19:20.000000,1BF044197D135725F,99.118.119.43,1.0,5.99
2011-03-29 08:14:30.000000,7HT01062AR613481E,85.130.92.228,1.0,5.99
2011-03-29 08:17:25.000000,6C355732H2841530U,24.69.115.210,1.0,5.99
2011-03-29 08:34:23.000000,68628154N0495332S,70.168.46.244,1.0,5.99
2011-03-29 08:58:50.000000,32S02658ML718600X,204.28.122.186,1.0,5.99
2011-03-29 10:12:18.000000,99T4240717231912A,74.85.160.105,1.0,5.99
2011-03-29 10:31:53.000000,70R1556216877173G,70.36.237.178,1.0,5.99
2011-03-29 10:52:51.000000,0BB98963LG077004R,136.2.1.102,1.0,5.99
2011-03-29 11:07:48.000000,5KS54775ML3237939,75.48.228.199,1.0,5.99
2011-03-29 11:17:22.000000,4YM887583P7796141,81.82.53.219,1.0,5.99
2011-03-29 14:26:00.000000,9EH22844MB2593942,137.201.242.130,1.0,5.99
2011-03-29 15:09:54.000000,71494934PL7934209,76.107.203.58,1.0,5.99
2011-03-29 15:30:23.000000,196192785V8852046,71.206.166.214,1.0,5.99
2011-03-29 16:19:37.000000,2W654750D90936212,71.33.132.60,1.0,5.99
2011-03-29 16:35:11.000000,0US050071K787980U,122.107.208.136,1.0,5.99
2011-03-29 17:40:07.000000,4EC71577UW5875206,173.66.52.145,1.0,5.99
2011-03-29 17:43:57.000000,1KV98887V1314411S,72.90.106.236,1.0,5.99
2011-03-29 17:51:26.000000,77292852JP6160014,131.191.55.172,1.0,5.99
2011-03-29 19:37:56.000000,4UU919591V791144M,71.63.212.128,1.0,5.99
2011-03-29 20:54:51.000000,2CS52769GW605873Y,173.181.86.149,1.0,5.99
2011-03-30 03:40:59.000000,1WJ1426102485494N,173.30.150.19,1.0,5.99
2011-03-30 06:15:12.000000,1D1567429E652635Y,63.227.208.37,1.0,5.99
2011-03-30 06:53:54.000000,2A9812154U6380534,214.4.239.21,1.0,5.99
2011-03-30 09:42:04.000000,5J92765523709422U,150.164.201.105,1.0,5.99
2011-03-30 09:55:15.000000,8J933403Y94524115,63.139.76.98,1.0,5.99
2011-03-30 10:55:29.000000,8HD24869Y6478173Y,70.252.131.133,1.0,5.99
2011-03-30 11:23:35.000000,3AU16327ED768614Y,128.54.15.39,1.0,5.99
2011-03-30 11:35:26.000000,7XR95986MC398104L,24.11.194.177,1.0,5.99
2011-03-30 13:23:54.000000,8B141825YY175594N,65.88.88.208,1.0,5.99
2011-03-31 08:33:27.000000,29B31748S8213370L,24.1.27.196,1.0,0.0
2011-03-31 09:21:22.000000,50W23633KY342672F,99.199.189.183,1.0,5.99
2011-04-02 16:13:35.000000,22R26821N2497612R,24.163.21.46,1.0,5.99
2011-04-02 20:12:18.000000,3R869180GX7453142,124.186.79.44,1.0,5.99
2011-04-03 04:47:37.000000,43J36138YC708972G,83.58.121.111,1.0,5.99
2011-04-03 06:06:56.000000,41F89134LR130434B,79.151.223.162,1.0,5.99
2011-04-03 14:04:18.000000,9HJ38699RH2314824,67.166.118.161,1.0,5.99
2011-04-03 16:28:10.000000,9HR11747CR256591K,207.172.209.109,1.0,5.99
2011-04-04 08:40:58.000000,9YV61201WT878480L,24.53.64.155,1.0,5.99
2011-04-04 21:03:27.000000,07R96860C5196262S,121.73.228.179,1.0,5.99
2011-04-06 11:22:33.000000,9WP007317M428552V,143.246.13.81,1.0,5.99
2011-04-06 15:40:52.000000,1J436625642321328,69.30.36.94,1.0,5.99
2011-04-06 17:04:27.000000,87R92013V85376501,99.189.237.244,1.0,5.99
2011-04-07 09:53:25.000000,1YL38113YN377443P,72.152.7.201,1.0,5.99
2011-04-07 11:29:10.000000,45133255DU392015T,98.232.59.185,1.0,5.99
2011-04-07 19:29:17.000000,67B94870RH8487626,98.212.219.209,1.0,5.99
2011-04-08 08:47:02.000000,6HW5613199061872Y,83.251.224.244,1.0,5.99
2011-04-08 12:51:05.000000,0KT97465F2548905J,24.129.165.146,1.0,5.99
2011-04-10 13:40:38.000000,6KA14587FH033353W,24.18.139.5,1.0,5.99
2011-04-10 14:54:50.000000,62Y5402742349170A,50.46.130.153,1.0,5.99
2011-04-12 07:46:44.000000,326063587V056792W,86.147.49.65,1.0,5.99
2011-04-12 14:10:44.000000,6GL08638WX006084E,140.247.137.215,1.0,5.99
2011-04-13 17:09:59.000000,2D715060MF909114G,98.210.109.83,1.0,5.99
2011-04-14 13:43:46.000000,5R716778MW6751718,173.78.110.162,1.0,5.99
2011-04-16 09:59:08.000000,6BX70335PK446133L,184.57.232.91,1.0,5.99
2011-04-16 14:12:34.000000,1MN30760XX084301G,50.12.4.172,1.0,5.99
2011-04-16 14:13:37.000000,4VL2795930489323G,209.145.88.41,1.0,5.99
2011-04-16 14:41:13.000000,01670916EH967682U,94.138.82.232,1.0,5.99
2011-04-16 16:42:10.000000,8L250468JB030882S,66.93.134.69,1.0,5.99
2011-04-16 16:46:24.000000,5GW92751X6303611P,174.20.13.68,1.0,5.99
2011-04-16 18:25:20.000000,4PK50254BH736325X,71.255.126.78,1.0,5.99
2011-04-16 19:05:09.000000,2LM55500DD336843Y,70.139.177.236,1.0,5.99
2011-04-16 20:03:43.000000,3L5244045W777415N,24.118.228.135,1.0,5.99
2011-04-16 20:36:51.000000,3NV60221XM952811C,24.47.121.155,1.0,5.99
2011-04-16 20:48:47.000000,7AY45406CD7463515,71.199.8.193,1.0,5.99
2011-04-16 22:33:31.000000,78H99128AC480332V,207.192.255.210,1.0,5.99
2011-04-16 23:08:19.000000,4G559045UE582691U,76.253.11.251,1.0,5.99
2011-04-17 05:51:24.000000,35J68044EM7902739,71.180.219.58,1.0,5.99
2011-04-17 09:10:04.000000,9UD74238B1956944W,24.90.155.162,1.0,5.99
2011-04-17 11:30:32.000000,92A05757U86884707,67.162.10.71,1.0,5.99
2011-04-17 14:25:15.000000,9F777495GV1370817,173.57.40.148,1.0,5.99
2011-04-17 20:17:00.000000,80K46362LG031393M,97.123.31.185,1.0,5.99
2011-04-17 23:12:21.000000,0R5770186X954411M,80.181.228.30,1.0,5.99
2011-04-18 13:09:11.000000,3329886721515304W,75.16.138.148,1.0,5.99
2011-04-18 21:00:42.000000,7K674723906597315,74.45.47.98,1.0,5.99
2011-04-19 10:40:30.000000,8MM04284N5357810G,86.173.205.178,1.0,5.99
2011-04-20 23:29:25.000000,0DK42670N3095540S,71.35.183.136,1.0,5.99
2011-04-22 10:26:14.000000,3C657862TY8189047,207.106.153.11,1.0,5.99
2011-04-22 18:11:12.000000,47470911VC655350E,67.170.181.243,1.0,5.99
2011-04-24 06:54:44.000000,3RP95867Y5840033U,86.44.156.199,1.0,5.99
2011-04-30 20:07:27.000000,4EH8765910525634L,64.53.238.143,1.0,5.99
2011-05-02 16:26:52.000000,6EW94676XT559201G,88.104.14.249,1.0,5.99
2011-05-03 05:26:51.000000,6W891964EG884913J,68.184.88.247,1.0,5.99
2011-05-04 12:31:33.000000,3DD33835RF558573A,66.76.197.76,1.0,5.99
2011-05-06 08:10:20.000000,5F216303A9375433J,174.124.90.154,1.0,5.99
2011-05-06 13:33:47.000000,1DH02035YC1223204,75.110.203.47,1.0,5.99
2011-05-12 05:40:20.000000,5FS385204B033641V,85.223.49.142,1.0,5.99
2011-05-12 14:03:24.000000,2ES612070V6172914,216.254.4.50,1.0,5.99
2011-05-17 11:41:04.000000,2YL28508HK822793P,24.5.196.41,1.0,5.99
2011-05-17 19:51:28.000000,26Y05981J1774504H,71.217.212.81,1.0,5.99
2011-05-19 20:39:06.000000,55F66550U2020791M,76.26.101.18,1.0,5.99
2011-05-23 22:14:39.000000,0UH22941GW964940D,75.138.121.98,1.0,5.99
2011-05-27 11:46:57.000000,9AV0397736420890G,75.79.64.12,1.0,5.99
2011-06-03 14:43:00.000000,39N92664EV0407945,79.97.18.54,1.0,5.99
2011-06-04 01:30:59.000000,5DW62254RS2464204,183.99.146.102,1.0,5.99
2011-06-04 22:34:08.000000,7UP681402V5797116,174.25.226.176,1.0,5.99
2011-06-08 21:24:40.000000,33V10203X36792457,70.77.217.239,1.0,5.99
2011-06-09 11:55:38.000000,8B078736U6785825J,72.160.93.157,1.0,5.99
2011-06-09 18:21:59.000000,7RJ04194A1220072A,192.83.228.118,1.0,5.99
2011-06-09 21:31:05.000000,8VH72806YN6194602,66.192.126.5,1.0,5.99
2011-06-10 06:22:29.000000,4BV393268K738343Y,175.136.89.189,1.0,5.99
2011-06-10 09:51:46.000000,2KM82092MT774754N,24.206.106.91,1.0,5.99
2011-06-10 11:48:52.000000,08X29995LL4428938,88.164.255.95,1.0,5.99
2011-06-10 21:43:47.000000,2U715877WH998234N,24.15.174.1,1.0,5.99
2011-06-11 04:13:49.000000,3BH26197L9725745F,80.187.107.87,1.0,5.99
2011-06-12 20:14:29.000000,8WG940252F303825N,24.15.243.148,1.0,5.99
2011-06-13 12:27:51.000000,9J2786285K422184P,138.87.144.231,1.0,5.99
2011-06-14 09:47:16.000000,767385343M8549239,70.174.153.50,1.0,5.99
2011-06-16 18:41:49.000000,3CC574480E667351B,71.200.119.122,1.0,5.99
2011-06-20 09:05:19.000000,3AB02680565201836,70.253.148.166,1.0,5.99
2011-06-20 12:50:56.000000,80L7632493217142B,209.162.43.179,1.0,5.99
2011-06-25 12:58:02.000000,94601398RU0502817,66.57.42.164,1.0,5.99
2011-07-03 04:52:52.000000,65L25181F13046548,216.244.49.212,1.0,5.99
2011-07-07 10:15:40.000000,1TN21076GD8769336,68.87.42.110,1.0,5.99
2011-07-07 11:48:51.000000,30940067PS636003B,130.91.9.74,1.0,5.99
2011-07-20 20:46:38.000000,6H374505SU860382M,24.202.182.73,1.0,5.99
2011-07-23 07:04:14.000000,4X6439022X236112R,74.60.153.137,1.0,5.99
2011-07-30 16:48:29.000000,2UR43670EC979512Y,76.98.16.47,1.0,5.99
2011-08-02 10:20:59.000000,9WH101410Y228600Y,17.201.12.253,1.0,5.99
2011-08-10 08:16:50.000000,9644961927601953Y,72.243.131.218,1.0,5.99
2011-08-14 17:26:28.000000,1WV25681PJ381245W,169.233.52.217,1.0,5.99
2011-08-21 07:36:54.000000,9F939326C1593954P,69.143.40.255,1.0,5.99
2011-08-23 09:09:35.000000,1EM01415KX386135B,68.184.196.79,1.0,5.99
2011-08-26 08:18:20.000000,18W22773JP6140703,192.136.24.66,1.0,5.99
2011-08-27 11:32:29.000000,94M59015KR821623A,217.44.186.202,1.0,5.99
2011-09-07 12:56:40.000000,62H8783948711780L,209.234.162.210,1.0,5.99
2011-09-07 14:02:20.000000,40K64672WF930244S,66.178.150.177,1.0,5.99
2011-09-08 03:38:35.000000,2TK876996M8245150,99.145.122.67,1.0,5.99
2011-09-08 09:21:52.000000,81R39264RR551981B,75.101.46.216,1.0,5.99
2011-09-09 21:33:12.000000,4KK61580DE091313T,76.95.112.152,1.0,5.99
2011-09-11 09:56:15.000000,38002436JE563560U,68.224.162.39,1.0,5.99
2011-09-23 18:09:46.000000,8W8789289Y164102W,177.40.194.217,1.0,5.99
2011-09-27 13:11:33.000000,16419679NL658725Y,75.149.106.130,1.0,5.99
2011-09-28 05:00:22.000000,6AW2449207448351C,130.36.62.224,1.0,5.99
2011-09-28 21:15:57.000000,89683444ND382503N,98.114.4.192,1.0,5.99
2011-09-30 09:26:28.000000,2TB03941NS889764X,174.44.152.36,1.0,5.99
2011-09-30 11:19:22.000000,0VK65955GW762520C,70.91.7.250,1.0,5.99
2011-10-07 07:26:50.000000,6R472244R9770413M,71.226.209.46,1.0,5.99
2011-10-11 13:19:03.000000,559434463L439701Y,207.235.188.202,1.0,5.99
2011-10-14 12:40:23.000000,4VM46003PA8175424,207.171.191.60,1.0,5.99
2011-10-15 00:40:01.000000,8XC82534006722405,64.85.243.100,1.0,5.99
2011-10-16 14:28:46.000000,1GS03363MM133243B,72.53.157.151,1.0,5.99
2011-10-24 23:34:04.000000,8RG690678J6784829,68.191.249.114,1.0,5.99
2011-11-10 20:46:11.000000,57F87210GV670972E,220.233.42.132,1.0,5.99
2011-11-15 07:39:16.000000,6R571491YP2585140,92.229.32.43,1.0,5.99
2011-11-15 07:43:19.000000,594848100W4056816,130.91.195.1,1.0,5.99
2011-11-15 08:51:48.000000,87X302181G326010C,86.181.136.72,1.0,5.99
2011-11-15 10:14:45.000000,9V5885320Y0219744,198.22.21.50,1.0,5.99
2011-11-16 07:57:47.000000,9JU771404B259914L,76.8.89.6,1.0,5.99
2011-11-17 09:22:04.000000,2DL275360K7869054,160.94.47.16,1.0,5.99
2011-11-21 19:34:20.000000,2L911158WM3736547,216.36.82.19,1.0,5.99
2011-11-22 12:18:35.000000,9BA796378N778194L,67.6.57.81,1.0,5.99
2011-11-22 15:55:24.000000,22W56988T07207258,86.26.225.177,1.0,5.99
2011-11-26 01:01:06.000000,2J863985XE064081B,27.32.21.15,1.0,5.99
2011-11-30 11:33:58.000000,8DP01811EV3456249,71.251.142.83,1.0,5.99
2011-11-30 14:11:22.000000,81058203UM765312J,90.192.90.92,1.0,5.99
2011-12-06 09:43:37.000000,9W3279704N038991A,98.206.142.127,1.0,5.99
2011-12-06 14:56:13.000000,0XC79767AE091494U,72.95.136.102,1.0,5.99
2011-12-08 03:25:15.000000,8K38050820677063G,220.255.2.41,1.0,5.99
2011-12-08 18:16:47.000000,77N64047618481543,79.147.195.86,1.0,5.99
2011-12-16 05:45:28.000000,2S818769071026800,208.11.76.124,1.0,5.99
2011-12-16 15:19:11.000000,51625401HF998150G,173.160.123.81,1.0,5.99
2011-12-17 22:42:12.000000,2V6264013T3140033,68.151.217.14,1.0,5.99
2011-12-20 17:49:27.000000,02M952614T0810717,67.171.161.204,1.0,5.99
2011-12-24 12:32:29.000000,337593722F138710J,24.34.221.97,1.0,3.0
2011-12-29 08:48:48.000000,6N036613H34344106,82.13.19.50,1.0,5.99
2012-01-05 09:15:31.000000,6HW40786U9924983E,64.134.223.212,1.0,5.99
2012-01-21 12:02:37.000000,19P55635GN1641725,208.127.121.115,1.0,5.99
2012-01-22 04:56:53.000000,03Y51188SS249992L,109.153.156.11,1.0,5.99
2012-01-31 19:02:06.000000,9CX55654GU529523R,71.126.134.184,1.0,5.99
2012-02-05 15:06:42.000000,2BC794522S053034X,24.203.103.14,1.0,5.99
2012-02-19 18:32:52.000000,65D93352D8355312F,50.13.249.62,1.0,5.99
2012-02-21 13:20:02.000000,04X59010DK657031H,85.48.9.226,1.0,5.99
2012-02-22 16:30:54.000000,1R1674670T7412648,98.155.240.10,1.0,5.99
2012-02-26 21:35:22.000000,1G855390P26913409,76.95.58.31,1.0,5.99
2012-03-05 19:58:28.000000,09T8294601721830A,69.181.155.108,1.0,5.99
2012-03-09 11:54:52.000000,1KF69165PW1739024,98.110.52.160,1.0,5.99
2012-03-09 22:22:06.000000,4UN222524C946682T,67.183.134.50,1.0,5.99
2012-03-19 07:10:31.000000,74344793WW4326209,212.169.39.69,1.0,5.99
2012-03-19 07:36:06.000000,4J7738640B2547749,108.49.34.66,1.0,5.99
2012-03-19 14:40:39.000000,0B064977M01249433,85.210.111.143,1.0,5.99
2012-03-19 19:11:03.000000,9XK22280WG930900L,71.252.218.147,1.0,5.99
2012-03-20 08:49:22.000000,92Y92929KM611745P,71.231.35.110,1.0,5.99
2012-03-22 01:33:53.000000,92P37389BD561331W,145.7.91.126,1.0,5.99
2012-03-23 12:39:58.000000,6CN59557L88006355,65.185.128.189,1.0,5.99
2012-03-25 07:56:14.000000,5UA17147EU801335V,99.95.102.6,1.0,5.99
2012-03-26 14:52:34.000000,0Y410178S36943542,204.92.98.25,1.0,5.99
2012-03-28 04:45:43.000000,6B742233TA556415U,108.36.224.214,1.0,5.99
2012-03-28 15:39:43.000000,2RN59092HH550452W,67.162.15.98,1.0,5.99
2012-03-29 06:42:18.000000,5RN145489P7188630,84.198.52.208,1.0,5.99
2012-03-31 23:22:08.000000,0WS94927C0325350P,109.67.195.181,1.0,5.99
2012-04-01 00:08:08.000000,67154898L91841421,217.230.117.59,1.0,5.99
2012-04-02 22:32:29.000000,1EN7098620890623Y,178.119.47.103,1.0,5.99
2012-04-04 08:56:01.000000,37864960DR391334V,220.255.2.106,1.0,5.99
2012-04-05 06:33:43.000000,9RB268147W040483P,192.35.17.26,1.0,5.99
2012-04-11 20:32:37.000000,3TN97858Y4826425B,71.202.173.91,1.0,5.99
2012-04-12 13:11:11.000000,3AY682135X9363255,67.200.118.1,1.0,5.99
2012-04-15 07:59:44.000000,09141125TE115914Y,99.36.122.105,1.0,5.99
2012-04-16 10:37:20.000000,80M34639D72495920,70.90.2.105,1.0,5.99
2012-04-17 13:32:02.000000,4GB32857RG319963U,198.189.194.129,1.0,5.99
2012-04-20 10:15:47.000000,840784520E223534W,212.130.80.50,1.0,5.99
2012-04-22 05:13:55.000000,76C15200EB235703S,173.56.40.44,1.0,5.99
2012-04-22 06:52:43.000000,2F917347UF173502G,68.237.187.213,1.0,5.99
2012-04-24 18:16:44.000000,6UF00025GW684474V,76.79.202.50,1.0,5.99
2012-05-05 13:18:22.000000,72C08639GB695730U,208.87.137.231,1.0,5.99
2012-05-22 02:17:15.000000,2XP934394C597304P,81.149.82.139,1.0,5.99
2012-05-22 20:37:24.000000,4TA95880YP189641M,207.212.143.226,1.0,5.99
2012-05-22 23:05:06.000000,7HR441217B938504U,98.155.70.73,1.0,5.99
2012-05-24 04:26:41.000000,1F1301016V3970721,69.223.179.59,1.0,5.99
2012-05-24 05:39:03.000000,1ML45337PA065422S,173.73.80.209,1.0,5.99
2012-05-25 10:59:49.000000,8UM80210SP488741W,67.128.216.99,1.0,5.99
2012-05-27 22:05:37.000000,2L513870UF752115J,99.21.199.0,1.0,5.99
2012-06-06 06:56:37.000000,8EC39250B87020834,99.62.253.0,1.0,5.99
2012-06-06 21:57:52.000000,2R830715434324818,67.185.217.18,1.0,5.99
2012-06-07 07:41:34.000000,9P870768RM696803W,76.119.49.159,1.0,5.99
2012-06-08 06:17:08.000000,49H16513CH4982705,66.145.130.162,1.0,5.99
2012-06-08 14:47:18.000000,7PU562256T447694L,173.30.228.130,1.0,5.99
2012-06-10 07:16:51.000000,2TX956195R149920T,75.22.104.131,1.0,5.99
2012-06-11 09:30:51.000000,7TW29124622828415,192.251.134.5,1.0,5.99
2012-06-11 16:51:15.000000,83U90584LT518810B,24.112.201.117,1.0,5.99
2012-06-11 17:16:28.000000,8J231030PJ0708939,99.107.199.18,1.0,5.99
2012-06-14 08:19:12.000000,04X88936VL058814D,99.157.101.160,1.0,5.99
2012-06-14 14:41:10.000000,9XG68102LT201074L,173.95.170.120,1.0,5.99
2012-06-15 12:23:09.000000,78T02071AY557794Y,71.215.16.230,1.0,5.99
2012-06-15 12:41:44.000000,1CX215944A5600832,198.78.13.130,1.0,5.99
2012-06-18 08:12:34.000000,6XA08840GR531534B,209.124.161.250,1.0,5.99
2012-06-18 11:38:44.000000,83X67855UJ9464351,38.116.192.96,1.0,5.99
2012-06-19 12:38:30.000000,9W647216D7895054Y,128.135.219.137,1.0,5.99
2012-06-21 12:12:23.000000,4JU75997FP910135V,72.164.194.2,1.0,5.99
2012-06-23 10:17:06.000000,4UX30840HW4948223,67.166.138.129,1.0,5.99
2012-06-24 16:14:05.000000,25U82876BX359015G,184.166.110.177,1.0,5.99
2012-06-25 20:19:23.000000,2CG05949KY9994542,99.239.236.77,1.0,5.99
2012-06-29 17:33:53.000000,363447268M485652D,174.61.238.58,1.0,5.99
2012-06-29 22:06:45.000000,67M70365HU317552B,122.108.241.128,1.0,5.99
2012-07-01 02:16:25.000000,3SE67413100828148,2.97.125.59,1.0,5.99
2012-07-01 12:21:11.000000,2C59359557085072G,24.230.86.78,1.0,5.99
2012-07-03 08:20:49.000000,60328759694565747,75.76.231.164,1.0,5.99
2012-07-04 23:18:01.000000,0DV184954K9131356,70.36.59.138,1.0,5.99
2012-07-05 15:06:47.000000,89V254835T347383J,173.13.143.101,1.0,5.99
2012-07-07 07:27:52.000000,2G637580CU969881C,71.201.170.66,1.0,5.99
2012-07-14 10:38:26.000000,9TG33050UH525280M,98.19.134.25,1.0,5.99
2012-07-14 17:33:11.000000,6T221196J02280441,75.4.194.2,1.0,5.99
2012-07-15 06:15:29.000000,8Y265995YC721115J,121.44.200.239,1.0,5.99
2012-07-17 12:12:31.000000,7CX97353MM4745356,2.123.165.120,1.0,5.99
2012-07-17 15:52:30.000000,4FF54872GE7059630,82.42.222.182,1.0,5.99
2012-07-19 16:16:08.000000,902571618M238812R,134.134.137.71,1.0,5.99
2012-07-20 15:05:53.000000,6WK68545NX897993D,24.189.247.177,1.0,5.99
2012-07-21 10:20:25.000000,0YX80089LR291305D,75.85.196.113,1.0,5.99
2012-07-23 05:09:45.000000,1A308935AR642811S,81.174.155.8,1.0,5.99
2012-07-25 13:33:47.000000,0K850059JH9093733,67.247.136.207,1.0,5.99
2012-07-27 00:56:36.000000,4H884002D56136219,78.86.136.19,1.0,5.99
2012-07-28 07:06:35.000000,6FV04850LL794183X,82.45.108.254,1.0,5.99
2012-08-02 08:26:50.000000,23W76907H9077215Y,86.147.72.87,1.0,5.99
2012-08-02 11:28:14.000000,8R29840357337611X,24.142.47.230,1.0,5.99
2012-08-05 01:17:27.000000,40C64291FG294420R,205.56.181.196,1.0,5.99
2012-08-07 01:24:26.000000,7G222293F3452944C,176.253.75.136,1.0,5.99
2012-08-08 18:32:13.000000,4NC26102DY365163C,24.20.49.204,1.0,5.99
2012-08-08 18:35:47.000000,98E64133D6474082C,24.20.49.204,1.0,0.0
2012-08-11 11:21:42.000000,68B18710PP816540A,99.224.161.37,1.0,5.99
2012-08-11 20:27:19.000000,62A79943JN431604K,50.89.144.101,1.0,5.99
2012-08-13 13:57:15.000000,1EU14277Y3389273M,87.210.7.4,1.0,5.99
2012-08-13 19:01:21.000000,1AE28906HL533523M,108.35.205.234,1.0,5.99
2012-08-22 17:32:37.000000,4FE25103RW225790K,99.232.118.31,1.0,5.99
2012-08-23 15:49:50.000000,12K29024R3202141J,50.32.54.118,1.0,5.99
2012-08-28 08:16:51.000000,3TH50704JB801590R,66.38.92.9,1.0,5.99
2012-08-30 23:04:56.000000,33V41580L0267282R,71.49.171.196,1.0,5.99
2012-09-02 17:34:55.000000,08T66328AB846753T,96.24.228.131,1.0,5.99
2012-09-03 23:08:47.000000,6J9490262Y316511B,62.0.103.199,1.0,5.99
2012-09-03 23:20:45.000000,6HA121168D0716107,62.0.103.199,1.0,0.0
2012-09-07 23:47:11.000000,2CU03674VA904311D,118.208.33.76,1.0,5.99
2012-09-12 09:27:47.000000,0NE56380W6612325A,69.180.137.46,1.0,5.99
2012-09-15 09:03:37.000000,8PY34515EJ091705G,80.235.137.215,1.0,5.99
2012-09-16 17:19:05.000000,5B258840R25822352,209.6.48.135,1.0,5.99
2012-09-17 09:18:20.000000,5FT569866H1844617,78.147.162.251,1.0,5.99
2012-09-17 10:22:04.000000,0GC37216U95565307,108.18.62.251,1.0,5.99
2012-09-21 14:31:33.000000,4VB609774M0373353,199.82.243.101,1.0,5.99
2012-09-22 07:04:56.000000,95H70584P78341230,98.210.108.32,1.0,5.99
2012-09-23 06:57:06.000000,7GL14226P2809571P,75.66.3.198,1.0,5.99
2012-09-24 12:32:37.000000,6GU01746Y7694580B,199.82.243.103,1.0,5.99
2012-09-28 17:04:38.000000,58J933864W088251C,12.164.25.130,1.0,5.99
2012-09-29 12:26:03.000000,68F083796M046270U,24.9.190.181,1.0,5.99
2012-10-06 14:10:09.000000,6Y2975560V995070S,76.173.56.129,1.0,5.99
2012-10-06 14:40:35.000000,6YF69194WR077231F,108.240.161.196,1.0,5.99
2012-10-09 15:37:26.000000,3YG12187GN4296806,109.148.122.186,1.0,5.99
2012-10-19 17:12:05.000000,06T90156HJ167381V,75.118.44.99,1.0,5.99
2012-10-20 07:53:55.000000,2KM56583NS7319411,174.30.217.92,1.0,5.99
2012-10-21 00:11:52.000000,6K235111L9063954P,76.94.8.20,1.0,5.99
2012-10-21 10:29:35.000000,61V88446LA777710F,24.150.124.118,1.0,5.99
2012-11-05 09:03:03.000000,1NY00636R01563312,84.212.50.44,1.0,5.99
2012-11-05 09:09:42.000000,53780241EG8764120,200.121.155.95,1.0,5.99
2012-11-11 08:54:49.000000,6WU44411AE0668329,71.34.37.136,1.0,5.99
2012-11-12 09:17:51.000000,0VC82529BA9760534,99.102.10.214,1.0,5.99
2012-11-16 16:58:44.000000,13H257159K1233137,65.27.152.101,1.0,5.99
2012-11-18 19:26:19.000000,0M3662739S608371Y,71.123.230.252,1.0,5.99
2012-11-19 02:04:43.000000,9GR32044RP219840G,82.1.220.42,1.0,5.99
2012-11-23 03:35:59.000000,4EU08127M5225670V,125.31.90.144,1.0,5.99
2012-11-25 15:22:28.000000,5RF88403WX7622635,24.118.141.223,1.0,5.99
2012-11-28 09:26:09.000000,75A76276B6069351N,141.209.225.89,1.0,5.99
2012-11-28 13:21:45.000000,9RK5606001769390T,99.89.205.167,1.0,5.99
2012-11-28 18:06:32.000000,28969486PD903321L,115.69.58.226,1.0,5.99
2012-11-29 06:13:44.000000,87J62980G7173771V,70.59.82.94,1.0,5.99
2012-11-30 15:08:20.000000,40Y08876RC6318014,90.36.121.61,1.0,5.99
2012-12-02 17:24:02.000000,3LN99881FU573463B,50.46.151.76,1.0,5.99
2012-12-04 09:44:24.000000,46E26578L5946701L,208.72.88.126,1.0,5.99
2012-12-07 08:36:41.000000,8L669115LY8199541,67.52.130.30,1.0,5.99
2012-12-07 12:34:26.000000,1TT316944Y0640614,70.58.76.173,1.0,5.99
2012-12-14 19:25:33.000000,9R0814366J677115K,83.226.89.134,1.0,5.99
2012-12-17 14:02:10.000000,79744330ME269710L,66.129.232.2,1.0,5.99
2012-12-20 16:48:32.000000,2NS15953T4761901H,24.234.32.178,1.0,5.99
2012-12-23 18:58:55.000000,0UH98416A8146053D,69.42.4.243,1.0,5.99
2012-12-24 12:25:52.000000,3WH01184KY0994351,93.97.64.167,1.0,5.99
2012-12-24 12:42:26.000000,73D43842JD577143H,69.14.46.41,1.0,5.99
2012-12-25 20:20:23.000000,7L760131CA5554601,124.168.21.220,1.0,5.99
2012-12-25 23:01:07.000000,99T60177JT804741H,67.171.183.83,1.0,5.99
2012-12-29 02:45:26.000000,4NY06134XT136671L,62.65.107.115,1.0,5.99
2012-12-31 11:10:11.000000,9W080893MV672784N,12.249.121.22,1.0,5.99
2012-12-31 19:37:33.000000,3TB028365H5448405,186.158.231.24,1.0,5.99
2013-01-01 21:25:12.000000,9RW78728UW119392X,75.9.94.69,1.0,5.99
2013-01-02 16:06:27.000000,4H321581WS047173L,96.35.126.195,1.0,5.99
2013-01-03 02:05:15.000000,44T07981F9298883P,27.33.47.154,1.0,5.99
2013-01-08 12:52:37.000000,9BS42153L0807622W,199.89.103.10,1.0,5.99
2013-01-08 14:19:13.000000,6RG80378UV014211F,66.228.67.46,1.0,5.99
2013-01-09 09:40:20.000000,5WJ787791F8242734,66.102.14.24,1.0,5.99
2013-01-11 20:18:27.000000,7A5223923K310453Y,99.92.214.56,1.0,5.99
2013-01-12 11:31:02.000000,6XU47736PJ4652421,76.100.117.28,1.0,5.99
2013-01-14 06:23:51.000000,6G212246WT212050J,217.18.23.29,1.0,5.99
2013-01-14 14:17:24.000000,79158032GS612681A,37.59.64.97,1.0,5.99
2013-01-16 14:46:44.000000,0JV80825D6814471J,66.206.116.3,1.0,5.99
2013-01-16 19:58:30.000000,4UC25172B9459884D,68.175.81.179,1.0,5.99
2013-01-28 15:20:12.000000,3FW00331CJ850974S,24.243.179.237,1.0,5.99
2013-01-29 05:14:47.000000,8XB97826404835001,98.114.243.115,1.0,5.99
2013-01-29 11:17:10.000000,7E975972MX6468535,108.67.152.251,1.0,5.99
2013-01-30 05:13:04.000000,52H37771GW352911P,93.97.170.8,1.0,5.99
2013-02-01 13:59:53.000000,91Y25069MF043061B,96.238.185.251,1.0,5.99
2013-02-03 11:30:57.000000,8P517152N05259331,76.187.37.162,1.0,5.99
2013-02-09 17:33:28.000000,7D953849T4074972H,108.87.135.28,1.0,5.99
2013-02-16 20:24:01.000000,2PA93288UU677060K,174.60.72.90,1.0,5.99
2013-02-17 20:53:53.000000,2G760302NM051273J,67.164.182.87,1.0,5.99
2013-02-18 17:11:49.000000,87D77944KB197581S,93.97.143.159,1.0,5.99
2013-02-20 08:45:43.000000,8GF7804862129630L,36.72.114.108,1.0,5.99
2013-02-21 17:56:33.000000,2HA32880WT079861X,68.5.120.42,1.0,5.99
2013-02-23 06:30:07.000000,3R066564FH338981B,174.98.140.121,1.0,5.99
2013-02-25 19:36:34.000000,5XN1108133428612F,71.236.111.205,1.0,5.99
2013-02-25 23:10:08.000000,0CY774100X7318715,188.104.185.233,1.0,5.99
2013-02-27 13:02:21.000000,4EP15342TJ757101K,94.8.139.117,1.0,5.99
2013-03-03 19:18:49.000000,8F381087J92325050,107.3.134.53,1.0,5.99
2013-03-07 02:28:51.000000,8HL28561T3491445J,64.104.249.39,1.0,5.99
2013-03-07 06:20:52.000000,2WX704347X453612J,5.83.98.209,1.0,5.99
2013-03-14 07:45:23.000000,58648766YY732310D,69.247.193.186,1.0,5.99
2013-03-17 18:45:26.000000,5RE09608B4842874V,69.131.226.35,1.0,5.99
2013-03-20 07:53:48.000000,4LK81121E4289893L,108.90.250.109,1.0,5.99
2013-03-20 08:58:56.000000,4MH36357NN4994453,78.223.69.51,1.0,5.99
2013-03-20 13:03:58.000000,7J495312PA872343N,66.244.223.234,1.0,5.99
2013-03-24 15:40:34.000000,3VE648922N4621702,108.20.193.119,1.0,5.99
2013-03-27 06:34:23.000000,44R45570RU894714Y,165.189.32.4,1.0,5.99
2013-03-29 11:32:38.000000,2KX538321B030343G,82.30.64.176,1.0,5.99
2013-03-31 06:11:22.000000,0RT19756GV508760F,220.237.87.13,1.0,5.99
2013-04-03 15:05:42.000000,1FX95099BV629400N,68.197.26.244,1.0,5.99
2013-04-04 16:54:55.000000,2YM80409UG6727530,174.59.197.212,1.0,5.99
2013-04-05 08:57:47.000000,9AX56428L0663891P,68.8.54.30,1.0,5.99
2013-04-20 04:51:20.000000,1RH00007LG657894K,64.185.137.52,1.0,5.99
2013-04-20 15:06:38.000000,4Y5225346N005652X,75.72.122.72,1.0,5.99
2013-04-22 07:38:28.000000,7U378724W3527725V,107.201.13.153,1.0,5.99
2013-04-22 11:00:22.000000,97N38759US062145U,24.199.159.254,1.0,5.99
2013-04-29 12:04:34.000000,14V72063BH5466316,109.43.0.120,1.0,5.99
2013-05-02 17:46:31.000000,6BT28364YT905935L,98.213.83.207,1.0,5.99
2013-05-15 06:38:28.000000,9YR16329NX2292254,198.51.243.2,1.0,5.99
2013-05-26 23:17:31.000000,1NP26245R5399473E,196.40.111.5,1.0,5.99
2013-06-04 12:31:42.000000,4R576183HA529361V,75.146.174.217,1.0,5.99
2013-06-09 12:05:26.000000,3YG509230G235713A,67.0.227.123,1.0,5.99
2013-06-11 16:06:59.000000,4P292797AC5255348,24.120.145.162,1.0,5.99
2013-06-13 12:49:53.000000,5UJ53506FC779272V,12.109.241.226,1.0,5.99
2013-06-16 06:32:04.000000,8KP057351N737151V,108.249.156.150,1.0,5.99
2013-06-17 03:27:36.000000,9XN759317H7936740,193.202.91.11,1.0,5.99
2013-06-22 11:23:09.000000,6B810929BF234914M,67.193.115.154,1.0,5.99
2013-06-25 07:55:07.000000,95C52426VH320943K,17.69.7.162,1.0,5.99
2013-06-29 12:42:21.000000,8VP85156YG301273R,69.66.27.247,1.0,5.99
2013-07-05 15:55:08.000000,25B15808XA777120H,71.234.205.21,1.0,5.99
2013-07-06 15:30:50.000000,7YH95537EA116635D,71.75.237.214,1.0,5.99
2013-07-09 04:49:04.000000,8DM91888K3894852F,1.124.127.236,1.0,5.99
2013-07-19 12:18:03.000000,6B8183966Y309545A,75.149.210.245,1.0,5.99
2013-07-20 19:17:39.000000,039905473X8171515,108.217.154.192,1.0,5.99
2013-07-22 08:49:55.000000,1FN43894KS922560T,199.58.99.130,1.0,5.99
2013-07-26 12:11:18.000000,57565100EP994071P,50.27.241.152,1.0,5.99
2013-08-01 07:02:37.000000,7L823544V3888984C,135.196.245.166,1.0,5.99
2013-08-09 07:51:17.000000,760963785K530112W,146.115.181.137,1.0,5.99
2013-08-14 14:57:42.000000,0CP33179U9052952W,72.190.17.253,1.0,5.99
2013-08-20 12:57:29.000000,9NJ55422V0160272F,75.72.194.14,1.0,5.99
2013-08-23 07:05:56.000000,52B94537R7563843D,62.231.148.155,1.0,5.99
2013-08-24 18:10:21.000000,7PE21868MM8110315,67.217.144.188,1.0,5.99
2013-08-30 18:27:37.000000,1GA70708T1230163M,74.110.164.214,1.0,5.99
2013-08-31 18:42:38.000000,7RU10404UN314890U,108.208.52.190,1.0,5.99
2013-09-01 11:36:53.000000,4S694977DB082270U,75.40.79.31,1.0,5.99
2013-09-08 11:10:20.000000,8A783214FD698414Y,69.123.110.132,1.0,5.99
2013-09-11 21:42:04.000000,2EA781521T5134337,75.67.206.140,1.0,5.99
2013-09-12 09:22:11.000000,0P6893940J8875515,192.138.52.41,1.0,5.99
2013-09-16 16:56:13.000000,46S156320H941935W,67.122.210.206,1.0,5.99
2013-09-18 16:09:29.000000,5RD45968DV312093S,54.240.196.185,1.0,5.99
2013-09-19 16:38:35.000000,566703050A202073L,50.131.179.23,1.0,5.99
2013-09-24 10:14:46.000000,7D847459JW395964D,198.160.139.1,1.0,5.99
2013-09-25 15:59:59.000000,0GH50056LD984261P,131.107.192.150,1.0,5.99
2013-09-26 09:00:36.000000,4FG56654EX623554F,199.245.32.210,1.0,5.99
2013-09-26 13:00:19.000000,02G0052709012423K,107.0.214.200,1.0,5.99
2013-09-29 08:31:35.000000,1VK86411C5238701R,174.254.196.26,1.0,5.99
2013-10-04 16:12:01.000000,9BH62671RR961062P,208.71.59.32,1.0,5.99
2013-10-11 16:21:56.000000,3HY599402F152633T,99.151.24.77,1.0,5.99
2013-10-14 14:08:26.000000,7CN69850M44797535,71.238.27.89,1.0,5.99
2013-10-19 21:46:47.000000,8F195621R46076629,68.11.36.158,1.0,5.99
2013-10-22 09:04:38.000000,7KW35364WP1571636,98.14.238.22,1.0,5.99
2013-10-27 15:01:13.000000,5CN41291E07980842,193.202.91.11,1.0,5.99
2013-10-28 15:11:21.000000,6BX133924X490571H,86.138.137.220,1.0,5.99
2013-10-28 15:22:57.000000,7SU472676L811724Y,86.138.137.220,1.0,0.0
2013-10-29 16:14:32.000000,29B53909BT557915S,198.228.210.138,1.0,5.99
2013-11-03 04:28:17.000000,82396526AY720091S,188.77.167.49,1.0,5.99
2013-11-10 00:34:24.000000,2NA39847F1998704G,210.246.22.207,1.0,5.99
2013-11-10 14:19:17.000000,8KT11579EL7637921,75.111.5.138,1.0,5.99
2013-11-15 14:05:49.000000,90765836N4502372C,173.78.1.138,1.0,5.99
2013-11-15 22:01:51.000000,0KW54990GG061771H,184.6.214.147,1.0,5.99
2013-11-17 10:04:24.000000,6SL97731NB3514453,69.176.224.96,1.0,5.99
2013-11-17 15:09:34.000000,6R1168668J378103U,71.197.104.215,1.0,5.99
2013-11-18 13:26:35.000000,9W779908YN0863250,81.158.19.164,1.0,5.99
2013-11-25 18:03:47.000000,381026138D4039410,68.172.221.245,1.0,5.99
2013-11-29 11:51:54.000000,2XD19636L9438004A,173.64.100.27,1.0,5.99
2013-12-03 11:52:55.000000,2327647199652021D,12.176.100.118,1.0,5.99
2013-12-03 23:53:32.000000,5V928199XW565382L,108.67.4.74,1.0,5.99
2013-12-05 16:52:02.000000,1LL00334LD749193V,74.178.105.222,1.0,5.99
2013-12-07 20:51:50.000000,6R9024551E761770U,70.194.192.60,1.0,5.99
2013-12-08 11:19:01.000000,7TK61389VB910672W,99.26.186.45,1.0,5.99
2013-12-13 14:21:42.000000,7C74930575250261V,97.65.195.160,1.0,5.99
2013-12-14 04:41:02.000000,6J492494BD4024809,88.117.71.139,1.0,5.99
2013-12-15 16:58:23.000000,56E1058613084044N,180.214.92.26,1.0,5.99
2013-12-16 13:51:47.000000,6H4771444H861384W,87.127.33.61,1.0,5.99
2013-12-17 09:48:26.000000,4J975083589992054,93.215.171.36,1.0,5.99
2013-12-17 10:06:26.000000,1CE79221XB7191021,174.70.107.233,1.0,5.99
2013-12-18 19:11:35.000000,99G456274E132214E,24.60.187.180,1.0,5.99
2013-12-20 19:43:25.000000,0LD83304383063828,174.100.197.91,1.0,5.99
2013-12-22 10:46:32.000000,18981328BF617832W,89.98.114.123,1.0,5.99
2013-12-29 09:18:13.000000,1BF39660M1825232K,68.46.129.112,1.0,5.99
2013-12-30 12:13:19.000000,15501148P1244760P,68.71.66.226,1.0,5.99
2014-01-01 17:36:18.000000,5TM899391C351790M,190.149.124.198,1.0,5.99
2014-01-03 21:06:05.000000,80D990073U565841U,72.208.230.217,1.0,5.99
2014-01-07 13:14:25.000000,2HA218614Y819961A,72.10.182.7,1.0,5.99
2014-01-09 12:46:22.000000,21V23484SH837952R,68.102.24.235,1.0,5.99
2014-01-10 07:06:03.000000,81M66346RF096983H,152.11.88.1,1.0,5.99
2014-01-11 09:10:57.000000,3PD10594EW1798949,142.255.116.5,1.0,5.99
2014-01-11 09:21:14.000000,2UL380728T7871338,142.255.116.5,1.0,0.0
2014-01-12 18:57:39.000000,4ER40217W7903773H,69.173.127.25,1.0,5.99
2014-01-16 04:11:22.000000,2MA77587F52505121,210.124.33.118,1.0,5.99
2014-01-16 12:27:50.000000,8HU21839VA297592A,208.38.111.242,1.0,5.99
2014-01-16 18:36:49.000000,3UU49047N9454773E,133.33.25.141,1.0,5.99
2014-01-17 19:35:31.000000,52M53997FA039490V,203.173.193.205,1.0,5.99
2014-01-23 15:33:52.000000,7UF75125TJ6189410,99.32.43.84,1.0,5.99
2014-01-24 17:00:03.000000,70123725GN300884L,198.91.110.170,1.0,5.99
2014-01-27 11:35:33.000000,7TR287762N237084Y,174.106.136.55,1.0,5.99
2014-02-03 07:59:17.000000,0GR67238VK2005143,108.52.225.150,1.0,5.99
2014-02-09 10:06:54.000000,30Y85695CM648143X,50.139.88.134,1.0,5.99
2014-02-11 18:29:09.000000,5WX63713KM7231644,24.49.124.57,1.0,5.99
2014-02-17 09:45:58.000000,3LV24183D3654952T,108.81.205.175,1.0,5.99
2014-02-17 15:28:23.000000,5D500625D22848524,131.107.147.21,1.0,5.99
2014-02-20 09:31:01.000000,9EY26932NE6368355,178.251.63.8,1.0,5.99
2014-02-22 02:03:27.000000,9J270982X18544740,90.184.87.131,1.0,5.99
2014-02-25 11:24:04.000000,96U308893K627483A,76.124.176.27,1.0,5.99
2014-03-01 23:30:06.000000,1CV99825SM020054J,160.7.244.239,1.0,5.99
2014-03-06 11:59:04.000000,90C07241MS449633C,12.10.72.134,1.0,5.99
2014-03-15 00:54:09.000000,9UC080671B277542S,111.69.195.93,1.0,5.99
2014-03-17 19:08:42.000000,4FT65850AT2921127,67.241.68.205,1.0,5.99
2014-03-27 08:22:25.000000,6MR76817C66645502,74.74.143.190,1.0,5.99
2014-03-27 13:23:26.000000,47D27445F23949922,74.42.154.142,1.0,5.99
2014-03-27 13:39:00.000000,66B708093B7488636,69.255.95.49,1.0,5.99
2014-03-28 01:59:50.000000,70R150879H0679120,124.148.225.243,1.0,5.99
2014-03-28 07:55:00.000000,5MF98582LT1934329,99.249.65.50,1.0,5.99
2014-03-31 20:16:20.000000,4GJ14565325721427,24.26.231.14,1.0,5.99
2014-04-06 11:37:56.000000,08C471814N546452X,98.122.48.9,1.0,5.99
2014-04-11 16:48:44.000000,7612177550210061N,69.204.179.239,1.0,5.99
2014-04-21 21:58:36.000000,7GG41654FP8376019,203.45.9.210,1.0,5.99
2014-05-04 02:39:09.000000,8WA26451C3991025U,115.187.243.135,1.0,5.99
2014-05-22 18:30:10.000000,5JP14736H6636740F,121.79.255.36,1.0,5.99
2014-06-02 14:22:39.000000,5M438489V0762253X,71.235.16.33,1.0,5.99
2014-06-05 12:20:23.000000,2PA75299AH2694846,216.73.67.133,1.0,5.99
2014-06-08 10:21:55.000000,8HJ63132MA2942918,71.235.16.33,1.0,0.0
2014-06-12 07:26:24.000000,3YS547550A783314W,216.170.154.242,1.0,5.99
2014-06-19 09:12:42.000000,6TB98700YB5635130,184.77.134.69,1.0,5.99
2014-06-26 21:02:15.000000,4BX674100R005144N,208.118.22.150,1.0,5.99
2014-06-27 17:55:22.000000,5D822103C75351048,71.229.232.148,1.0,5.99
2014-06-30 13:33:15.000000,41M63878KT616071G,99.245.138.60,1.0,5.99
2014-07-05 05:23:13.000000,0DP08550K1234623M,76.67.156.227,1.0,5.99
2014-07-13 12:10:04.000000,8SE0363714410820D,70.44.225.88,1.0,5.99
2014-07-23 12:50:23.000000,41K805044A651892G,24.18.132.142,1.0,5.99
2014-07-26 11:51:23.000000,3PD87880H06307837,73.38.3.185,1.0,5.99
2014-07-30 07:30:28.000000,01516525YR010944C,70.209.197.148,1.0,5.99
2014-07-30 07:31:26.000000,2HE38899GB459020C,50.89.46.46,1.0,5.99
2014-07-30 08:10:42.000000,50A814435K2323729,69.204.137.90,1.0,5.99
2014-07-30 11:30:01.000000,4KW1761820863763G,173.77.214.250,1.0,5.99
2014-08-01 08:57:47.000000,2AM116491F888260S,200.231.193.131,1.0,5.99
2014-08-01 17:47:52.000000,35K21092FS4971538,76.180.114.59,1.0,5.99
2014-08-02 02:51:34.000000,6BK09932PM120050P,2.150.32.36,1.0,5.99
2014-08-02 09:12:54.000000,39K71219BG5855738,99.249.107.62,1.0,5.99
2014-08-02 13:14:46.000000,9T417160JA230705G,97.79.214.210,1.0,5.99
2014-08-05 00:43:01.000000,635767553R2891902,125.238.30.152,1.0,5.99
2014-08-06 14:08:22.000000,0AR355901Y883931Y,154.20.33.239,1.0,5.99
2014-08-06 18:08:04.000000,82A473344Y483101D,76.85.193.93,1.0,5.99
2014-08-09 13:58:47.000000,42740413EU438321B,70.36.128.130,1.0,5.99
2014-08-10 10:22:05.000000,46350773RB0446339,76.31.236.38,1.0,5.99
2014-08-12 14:09:57.000000,31A81893NC785804G,71.204.136.32,1.0,5.99
2014-08-12 16:53:33.000000,8P633723XW464331J,124.171.93.221,1.0,5.99
2014-08-16 22:06:29.000000,1S754280US692941A,70.191.252.232,1.0,5.99
2014-08-19 22:04:38.000000,8TN151708K718282P,67.188.172.192,1.0,5.99
2014-08-22 06:52:01.000000,7HS592647R610910T,101.174.11.167,1.0,5.99
2014-08-24 17:26:38.000000,1X129623V5342163W,24.118.228.171,1.0,5.99
2014-08-30 13:03:33.000000,9BN3210257397100E,99.64.62.152,1.0,5.99
2014-09-01 21:10:14.000000,6UT32669W5025925S,71.57.142.102,1.0,0.0
2014-09-02 04:10:57.000000,8FM04125A9759315V,188.167.242.194,1.0,9.99
2014-09-02 04:46:07.000000,917268059V646633W,83.87.143.173,1.0,9.99
2014-09-02 04:50:29.000000,1GE81374EK7647448,196.40.111.5,1.0,9.99
2014-09-02 04:54:37.000000,99K707083T488501D,174.57.13.169,1.0,9.99
2014-09-02 05:42:40.000000,7JB57341GB959680R,71.255.126.78,1.0,9.99
2014-09-02 06:16:31.000000,22726518AA602505U,173.62.89.157,1.0,5.99
2014-09-02 07:46:59.000000,46D92332UR606704T,131.247.226.63,1.0,9.99
2014-09-02 09:16:20.000000,7J494927CH2671543,177.135.66.138,1.0,9.99
2014-09-02 12:16:20.000000,6TN20180C7738935S,65.103.118.160,1.0,9.99
2014-09-02 12:16:56.000000,6PL89982NY2439749,69.181.203.176,1.0,9.99
2014-09-03 04:41:22.000000,7CJ81602PE8405215,31.52.108.235,1.0,9.99
2014-09-03 06:55:14.000000,64Y52182LD675184A,199.255.10.234,1.0,9.99
2014-09-03 09:10:38.000000,05N69904HC1134601,67.217.129.7,1.0,9.99
2014-09-03 10:08:46.000000,609383787C194424N,99.239.226.138,1.0,9.99
2014-09-03 13:30:43.000000,2C5059033E0902139,108.57.206.30,1.0,9.99
2014-09-04 02:25:02.000000,3Y042033UT012570A,99.92.214.56,1.0,9.99
2014-09-04 05:58:31.000000,7FC30972L69459428,192.88.94.1,1.0,5.99
2014-09-05 16:15:34.000000,78B71173RJ233683R,98.117.62.131,1.0,5.99
2014-09-06 10:05:25.000000,5SK227326M9582501,223.62.173.180,1.0,5.99
2014-09-07 09:50:04.000000,73115727B90391810,75.85.1.31,1.0,9.99
2014-09-08 02:16:22.000000,1GN64261YW920111D,93.154.102.135,1.0,9.99
2014-09-08 08:56:02.000000,30891054W26559613,173.66.245.168,1.0,5.99
2014-09-12 10:02:35.000000,0WN80242UW6209512,24.90.204.235,1.0,5.99
2014-09-13 16:47:11.000000,36W566175C719551M,75.182.89.72,1.0,5.99
2014-09-15 07:28:01.000000,6N386937PV2933840,173.228.105.222,1.0,5.99
2014-09-20 17:11:45.000000,86T69977JE943064V,203.206.171.38,1.0,5.99
2014-09-23 21:28:20.000000,2F3960275D4535459,68.229.169.75,1.0,5.99
2014-09-26 14:58:09.000000,7CT14049X2579202U,188.113.95.221,1.0,5.99
2014-10-12 02:15:30.000000,7N424654C04901929,184.57.218.71,1.0,5.99
2014-10-12 11:00:29.000000,0NG533558S3564526,76.95.206.208,1.0,5.99
2014-10-13 22:07:18.000000,0GK28840R51941829,71.211.25.62,1.0,5.99
2014-10-14 04:05:44.000000,4SA86749MB565821T,159.92.170.34,1.0,5.99
2014-10-14 18:04:05.000000,6BL23426WU4789429,96.245.105.155,1.0,9.99
2014-10-16 03:03:52.000000,7VA06180MV3141305,84.58.43.150,1.0,5.99
2014-10-19 12:57:40.000000,4R78326952711615L,188.221.131.62,1.0,5.99
2014-10-22 09:06:51.000000,6BS86738TJ131064F,54.243.234.2,1.0,9.99
2014-10-25 12:17:49.000000,2KF40659KH668490E,74.235.130.199,1.0,5.99
2014-10-26 13:32:26.000000,20B03111CK596860J,212.37.185.166,1.0,5.99
2014-10-28 08:15:33.000000,07A97068WX242644P,151.148.122.100,1.0,9.99
2014-10-30 09:16:27.000000,6FA340664P3446241,95.87.14.193,1.0,5.99
2014-11-01 13:56:27.000000,65J081230Y6319151,96.127.233.199,1.0,5.99
2014-11-07 09:20:55.000000,0KX02497K5779660L,84.203.137.218,1.0,5.99
2014-11-09 07:27:49.000000,7MR33713HC371212G,72.224.45.39,1.0,5.99
2014-11-22 06:39:04.000000,1PT337018H6951743,98.118.132.242,1.0,5.99
2014-11-23 09:47:33.000000,8VV173821G1832313,185.3.135.2,1.0,5.99
2014-11-23 17:54:19.000000,49268080X0722532G,107.1.119.234,1.0,5.99
2014-11-23 18:27:50.000000,23196369AC815843D,129.94.8.88,1.0,5.99
2014-11-27 08:55:42.000000,7NX118556W8144721,67.45.100.102,1.0,5.99
2014-11-28 01:43:39.000000,7LL26950ST884605X,188.23.226.218,1.0,5.99
2014-11-29 22:24:11.000000,5ES331044D309711T,24.98.134.231,1.0,5.99
2014-12-01 04:57:25.000000,19Y38403BJ728261T,173.11.21.225,1.0,5.99
2014-12-02 07:01:44.000000,17823280VL740064R,82.47.195.14,1.0,5.99
2014-12-10 11:43:17.000000,7HP56373LU372335R,66.203.207.67,1.0,5.99
2014-12-10 19:48:01.000000,1YH76705VT807515Y,65.183.144.203,1.0,5.99
2014-12-19 04:08:09.000000,9RR29643LK031544N,212.159.66.175,1.0,5.99
2014-12-20 21:40:59.000000,7GS1939113640973D,125.253.99.39,1.0,5.99
2014-12-24 11:10:52.000000,8DD42844A85165227,67.68.132.43,1.0,5.99
2014-12-26 19:21:38.000000,607183606U2216012,98.201.210.212,1.0,5.99
2014-12-27 15:27:39.000000,6LG776116B866613V,121.219.22.112,1.0,5.99
2014-12-28 13:46:17.000000,4AW66691T3973910C,98.253.69.253,1.0,5.99
2014-12-30 09:26:27.000000,36125484YX097740L,68.34.13.181,1.0,5.99
2015-01-02 20:55:40.000000,94533399RS582052Y,50.174.98.15,1.0,5.99
2015-01-03 12:06:16.000000,4R5050019W960402N,173.54.188.162,1.0,5.99
2015-01-03 14:33:17.000000,9PD48645JH755471W,37.24.156.166,1.0,9.99
2015-01-06 00:55:31.000000,6MX221990J5190339,81.175.149.92,1.0,5.99
2015-01-09 22:13:05.000000,857026557M2450159,70.79.180.211,1.0,5.99
2015-01-14 23:04:50.000000,0S749897WF6949724,76.21.94.191,1.0,9.99
2015-01-16 04:02:50.000000,1G202140EG9144645,119.9.77.236,1.0,5.99
2015-01-20 07:34:14.000000,6X831380EC919341W,86.140.23.80,1.0,5.99
2015-01-21 21:42:44.000000,72D77627P7586943X,73.34.184.107,1.0,5.99
2015-01-30 22:26:53.000000,7U460651VP398731J,216.221.153.131,1.0,5.99
2015-02-03 06:33:25.000000,2A407860A8527222U,212.18.2.2,1.0,5.99
2015-02-06 08:48:28.000000,2K068554K72343500,62.244.191.249,1.0,5.99
2015-02-09 11:48:17.000000,1EY95733WY4829729,131.107.159.81,1.0,5.99
2015-02-11 09:42:52.000000,9LA51483XJ481174L,162.243.172.60,1.0,5.99
2015-02-13 12:54:04.000000,7D1407073K041560A,70.199.144.225,1.0,5.99
2015-02-13 17:59:33.000000,40P23000WH8147153,118.210.212.187,1.0,5.99
2015-02-18 17:49:21.000000,3JT30103AA9020352,162.227.217.179,1.0,5.99
2015-02-18 20:13:02.000000,6TB68166C2928420X,74.96.66.32,1.0,5.99
2015-02-19 15:02:15.000000,3GN27281GN2591024,72.230.239.240,1.0,5.99
2015-02-23 21:29:58.000000,2D372226PT152335C,211.189.163.250,1.0,5.99
2015-02-27 14:51:41.000000,6W579522K9746505U,64.233.246.170,1.0,5.99
2015-03-16 05:36:15.000000,61T57845PV169912H,2.24.222.125,1.0,5.99
2015-03-17 19:31:17.000000,09P75713NB840073R,210.84.27.218,1.0,5.99
2015-03-20 00:05:01.000000,9KV622611X748142L,179.43.169.34,1.0,5.99
2015-03-22 12:45:33.000000,0R187195W2087241B,188.179.119.158,1.0,5.99
2015-04-06 16:25:48.000000,89R26298GE603853K,173.179.111.194,1.0,5.99
2015-04-14 09:39:51.000000,39T60137S7657090R,66.150.78.70,1.0,5.99
2015-04-14 19:51:07.000000,2XK12128H6757472C,199.87.50.81,1.0,5.99
2015-04-17 14:45:44.000000,0N5508191D454703V,24.230.99.162,1.0,5.99
2015-04-19 09:39:35.000000,79P59770VB813933K,89.164.214.247,1.0,5.99
2015-04-20 13:00:05.000000,65765771X86944617,108.26.182.161,1.0,5.99
2015-04-22 22:56:20.000000,5DN27964XH0660052,67.188.162.78,1.0,9.99
2015-05-03 04:38:01.000000,4HK88792YW039593T,49.195.34.108,1.0,5.99
2015-05-04 13:34:20.000000,7S289565L4852421Y,143.166.255.115,1.0,5.99
2015-05-04 23:19:06.000000,84Y06404528968913,50.174.198.200,1.0,5.99
2015-05-05 09:52:29.000000,1WE44934NN1954739,78.94.72.109,1.0,5.99
2015-05-08 05:53:15.000000,42M59434CC8289724,68.205.156.20,1.0,5.99
2015-05-11 09:56:31.000000,0T544652H07455009,63.239.65.11,1.0,5.99
2015-05-15 00:16:27.000000,8DY73212KP9898001,202.40.157.7,1.0,5.99
2015-05-17 07:35:12.000000,8T29793488373302M,177.235.26.28,1.0,5.99
2015-05-23 15:43:49.000000,28P703295W240640J,93.208.125.58,1.0,5.99
2015-05-28 09:00:20.000000,25N42862EX334410E,83.46.197.146,1.0,5.99
2015-06-01 10:34:37.000000,8RJ97813HM065024C,99.228.170.246,1.0,5.99
2015-06-03 12:22:26.000000,14G79843HB4224457,216.201.163.34,1.0,5.99
2015-06-05 19:14:39.000000,5CJ66647RD8476040,122.52.137.39,1.0,5.99
2015-06-07 01:49:15.000000,71Y85399AJ987750R,86.6.119.185,1.0,5.99
2015-06-08 06:38:49.000000,7U142595KR974460V,109.247.221.75,1.0,5.99
2015-06-08 19:37:28.000000,8SD104209L290133F,98.208.14.92,1.0,5.99
2015-06-09 17:44:03.000000,00M69088TC377261M,173.174.106.179,1.0,5.99
2015-06-27 05:51:55.000000,5E90600595533052C,108.18.142.207,1.0,5.99
2015-06-29 06:41:59.000000,1XK48951P7148452T,206.225.132.111,1.0,5.99
2015-06-29 09:59:23.000000,3C358781E0000512W,68.71.224.6,1.0,5.99
2015-07-22 15:11:47.000000,0B980429W58330715,50.159.96.18,1.0,5.99
2015-07-28 11:09:30.000000,3YV293157A216242B,173.75.115.177,1.0,5.99
2015-07-30 15:45:27.000000,3FX00126FX080013C,173.227.225.201,1.0,5.99
2015-08-03 13:50:43.000000,0K8888248V8562809,66.215.169.141,1.0,5.99
2015-08-08 10:37:43.000000,4SC68617GK653315F,107.211.53.164,1.0,5.99
2015-08-10 05:22:50.000000,5T7872578D327563T,173.70.156.208,1.0,5.99
2015-08-12 01:20:00.000000,8EJ85796GN312292A,86.161.14.101,1.0,5.99
2015-08-24 14:33:55.000000,2P110824V16311432,93.36.212.35,1.0,5.99
2015-08-27 05:25:44.000000,0EW67304RS1075413,217.12.24.132,1.0,5.99
2015-09-01 21:58:19.000000,05V97506UL413270M,203.97.170.73,1.0,5.99
2015-09-29 11:29:14.000000,04C37895KW685290J,100.36.73.53,1.0,5.99
2015-09-30 08:59:24.000000,73723524F30555009,71.75.96.189,1.0,5.99
2015-10-03 17:43:19.000000,6UT84512YN1503241,76.21.173.197,1.0,5.99
2015-10-14 10:43:24.000000,24H82540SL9396519,99.29.178.127,1.0,5.99
2015-10-19 16:55:10.000000,56X429642H201994N,199.231.81.215,1.0,5.99
2015-11-02 07:15:04.000000,2EM41244XD764912S,65.51.210.25,1.0,5.99
2015-11-11 15:20:18.000000,0MF91534N27628929,89.74.56.93,1.0,5.99
2015-11-24 09:54:10.000000,7EY36846PB290772U,208.87.234.201,1.0,5.99
2015-12-03 08:01:03.000000,9BN6164650106213U,137.71.220.54,1.0,5.99
2015-12-03 22:23:56.000000,4JY11778YF4485800,101.182.88.246,1.0,5.99
2015-12-06 13:47:04.000000,4MS65048W3196245A,76.103.233.159,1.0,5.99
2015-12-07 08:33:32.000000,3FV02281BD210403V,70.208.134.53,1.0,5.99
2015-12-10 07:53:59.000000,5MB0342541379093A,162.193.94.173,1.0,5.99
2015-12-13 07:27:37.000000,335318720B376963B,194.85.9.14,1.0,5.99
2015-12-13 20:35:16.000000,7KD45495K1321641P,67.83.178.146,1.0,5.99
2015-12-15 22:47:13.000000,75Y46762P6664934P,103.44.162.202,1.0,5.99
2016-01-16 14:24:24.000000,21C1642163395220G,50.46.201.199,1.0,5.99
2016-01-17 18:42:27.000000,3DA65202B7014552K,70.160.228.129,1.0,5.99
2016-01-19 06:31:29.000000,0JJ5348746207820R,99.63.155.46,1.0,5.99
2016-01-19 13:57:00.000000,26T02971BV075635J,172.249.173.239,1.0,5.99
2016-01-21 18:57:26.000000,0L216533SN470825E,124.182.210.232,1.0,5.99
2016-01-23 07:18:52.000000,1VU86959U97360211,209.6.117.99,1.0,5.99
2016-01-24 20:31:44.000000,5V322411EV416333B,24.162.137.211,1.0,5.99
2016-01-25 15:28:06.000000,84L115398L060151E,73.14.172.197,1.0,5.99
2016-01-30 12:50:48.000000,6JE3542548836004R,84.224.101.80,1.0,5.99
2016-02-02 02:52:57.000000,0C172877BR644754X,118.208.123.177,1.0,5.99
2016-02-05 10:12:10.000000,8NB128728M863160G,67.247.189.181,1.0,5.99
2016-02-07 15:30:59.000000,4PE38554YW9741148,82.12.244.100,1.0,5.99
2016-02-08 01:15:16.000000,4M572283VA503331V,192.44.243.18,1.0,9.99
2016-02-10 14:24:38.000000,5WM51521GE435793U,86.169.104.204,1.0,5.99
2016-02-13 01:34:11.000000,23Y71865AP471541S,66.87.18.194,1.0,5.99
2016-02-23 12:05:20.000000,6LY68281DX663845L,100.6.80.68,1.0,5.99
2016-02-25 15:02:34.000000,26K10764DT5037600,90.177.188.46,1.0,5.99
2016-02-26 15:04:20.000000,63U29052N46061927,65.119.189.243,1.0,5.99
2016-03-01 14:47:49.000000,6WN40556R2428952T,108.75.172.149,1.0,5.99
2016-03-02 18:38:44.000000,10100712J4827815Y,160.3.51.22,1.0,5.99
2016-03-10 14:49:50.000000,4KY97383TH378613S,141.248.3.252,1.0,5.99
2016-03-20 15:00:50.000000,0S194687DF824681B,174.21.183.124,1.0,5.99
2016-04-08 06:00:50.000000,202446908W436310Y,109.157.11.190,1.0,5.99
2016-04-11 12:31:19.000000,7PH69538LH894980R,206.135.174.19,1.0,5.99
2016-05-04 18:00:31.000000,74242618N6537964H,70.82.192.155,1.0,5.99
2016-05-22 08:49:35.000000,2FD47359BX874515X,70.198.69.26,1.0,5.99
2016-06-18 22:04:03.000000,17073141AS666682N,70.190.179.224,1.0,5.99
2016-06-28 13:32:44.000000,5357458760684424B,100.1.99.132,1.0,5.99
2016-07-01 19:36:53.000000,6XH42920AP7258050,152.132.10.8,1.0,5.99
2016-07-02 00:36:43.000000,2A212659D2627815D,188.27.196.97,1.0,5.99
2016-07-02 13:57:07.000000,5NT60070HX5172832,98.224.216.43,1.0,5.99
2016-07-11 13:48:13.000000,9VC80522V9711221K,12.171.12.131,1.0,5.99
2016-07-15 11:22:40.000000,78A2629498842034U,166.77.103.133,1.0,5.99
2016-07-18 16:58:10.000000,14725125DK282100N,100.34.34.223,1.0,5.99
2016-07-20 09:40:39.000000,41X46977DF3362534,50.246.242.49,1.0,5.99
2016-07-20 11:02:04.000000,1CX38716YE3201253,101.78.177.71,1.0,5.99
2016-07-21 12:33:20.000000,0DE01069LP934601S,81.147.66.134,1.0,5.99
2016-07-22 18:43:04.000000,2PG3887674672322T,47.35.203.217,1.0,9.99
2016-07-23 22:52:49.000000,7DL53951K2378051C,68.63.46.255,1.0,5.99
2016-07-26 11:12:12.000000,628477963C624384U,87.197.105.158,1.0,5.99
2016-08-04 06:49:44.000000,5VE406942R238070V,139.218.23.128,1.0,5.99
2016-08-04 10:38:57.000000,5XH66747DH880804V,24.50.128.79,1.0,5.99
2016-08-11 07:38:06.000000,3NF131990S292530F,173.19.111.238,1.0,5.99
2016-08-20 03:39:03.000000,03362896M0335002N,91.253.235.82,1.0,5.99
2016-08-31 13:14:55.000000,0AD514073V7868441,199.253.110.1,1.0,5.99
2016-08-31 15:17:00.000000,50442824VN852784A,50.203.150.150,1.0,5.99
2016-09-06 18:37:26.000000,88J12470F6269742S,50.179.218.49,1.0,9.99
2016-09-08 18:28:56.000000,2GJ77633SJ391421W,162.255.170.22,1.0,5.99
2016-09-17 10:46:49.000000,48K13366NY703305S,73.36.0.158,1.0,5.99
2016-09-17 14:56:32.000000,37U324069T412063L,47.35.195.206,1.0,5.99
2016-09-27 20:31:59.000000,3FV288835X196342Y,68.97.34.12,1.0,5.99
2016-10-03 18:53:53.000000,36L13915XV479335W,68.129.108.225,1.0,9.99
2016-10-08 00:11:11.000000,1SP67434S7267815N,73.157.211.27,1.0,5.99
2016-10-08 00:32:14.000000,36F92738F72734239,71.58.101.93,1.0,5.99
2016-10-09 03:28:02.000000,22L365120X6046114,89.241.215.186,1.0,5.99
2016-10-14 05:24:14.000000,6YX8418392216151U,75.118.90.114,1.0,5.99
2016-10-16 18:05:19.000000,26A748688G9354456,198.48.205.147,1.0,5.99
2016-10-19 06:46:23.000000,6UV26909V77989522,66.43.26.1,1.0,5.99
2016-10-22 17:56:55.000000,4CP87951SE590142D,75.132.94.93,1.0,5.99
2016-10-22 21:02:04.000000,1JS35347V09296918,71.244.215.186,1.0,5.99
2016-10-23 08:26:10.000000,7VS43187SF454543G,23.249.38.224,1.0,5.99
2016-10-31 12:41:20.000000,79P147219P937580W,167.220.24.136,1.0,5.99
2016-11-05 11:07:50.000000,4TN163683N269740K,107.77.225.232,1.0,5.99
2016-11-07 15:01:29.000000,0X65600751804692G,24.201.74.32,1.0,5.99
2016-11-08 11:11:46.000000,1ML35687EB8644517,24.245.100.177,1.0,5.99
2016-11-10 13:17:08.000000,8E576702JR260805R,166.109.0.96,1.0,5.99
2016-11-11 16:26:57.000000,24C52935EB364274C,205.178.47.36,1.0,5.99
2016-11-13 17:49:25.000000,9F56769406311262G,70.211.12.102,1.0,5.99
2016-11-14 15:25:54.000000,4SP537304P2013031,68.205.69.165,1.0,5.99
2016-11-16 10:54:12.000000,7NW30143M61063621,71.195.198.81,1.0,5.99
2016-11-18 10:55:52.000000,7LW4975487247991N,108.51.54.87,1.0,5.99
2016-11-21 00:40:32.000000,7RM08918W9114630L,73.189.45.115,1.0,5.99
2016-11-21 15:41:58.000000,73R41287C93287055,1.152.97.107,1.0,5.99
2016-11-21 16:02:35.000000,9G3648498W510494C,174.25.139.238,1.0,5.99
2016-11-23 12:15:16.000000,01T02645GD790172W,104.132.53.68,1.0,5.99
2016-11-27 18:58:27.000000,3FA058104T8370545,75.142.59.36,1.0,5.99
2016-11-29 12:09:02.000000,34982039XP280415G,50.76.55.57,1.0,5.99
2016-11-30 01:18:43.000000,5V028688F9800074K,72.208.84.3,1.0,5.99
2016-12-01 09:57:29.000000,99K20433B24002843,162.246.64.136,1.0,5.99
2016-12-02 10:22:37.000000,5UE42245SF562110A,192.94.66.18,1.0,9.99
2016-12-03 11:15:55.000000,3ED8345764355673P,108.185.242.101,1.0,5.99
2016-12-04 08:34:28.000000,92B083960V1538842,66.215.99.106,1.0,5.99
2016-12-09 10:34:03.000000,11R8633893044604B,104.15.86.10,1.0,5.99
2016-12-10 14:30:46.000000,4BU35678NF3092425,109.146.34.248,1.0,5.99
2016-12-10 22:24:16.000000,79T377256F386723W,99.6.93.245,1.0,5.99
2016-12-15 11:37:34.000000,1C149696RE360890F,71.91.163.7,1.0,5.99
2016-12-16 11:14:46.000000,1T026259K47865538,71.187.37.70,1.0,5.99
2016-12-18 12:32:40.000000,5NW47841FN134793V,76.23.132.246,1.0,5.99
2016-12-20 10:41:50.000000,0E911045TL771914E,24.252.82.27,1.0,5.99
2016-12-22 02:44:22.000000,37N04071SM075534J,169.239.87.193,1.0,5.99
2016-12-24 18:30:43.000000,0TV80918G67197816,107.77.225.168,1.0,5.99
2016-12-26 13:54:40.000000,6MS40784KM552291F,90.229.203.100,1.0,5.99
2017-01-02 11:02:33.000000,46R31278CL2396159,98.113.211.248,1.0,5.99
2017-01-02 21:44:36.000000,1TP63726SM912590B,76.125.234.228,1.0,5.99
2017-01-07 13:33:10.000000,5SW62803AE107740D,122.62.149.100,1.0,5.99
2017-01-23 17:49:42.000000,9SF93705RU3559645,65.35.254.140,1.0,5.99
2017-01-29 04:26:12.000000,7CJ48196D7083124A,109.148.244.22,1.0,5.99
2017-02-10 18:26:40.000000,24093706BX577981T,76.122.173.129,1.0,5.99
2017-02-13 13:52:24.000000,9C510583KX4122108,75.144.84.217,1.0,5.99
2017-02-16 21:10:08.000000,5N751257H11455138,68.101.102.60,1.0,5.99
2017-02-17 09:33:29.000000,84G77753Y7132983N,66.188.110.114,1.0,5.99
2017-02-25 13:54:00.000000,36G2519701934804B,75.177.130.85,1.0,5.99
2017-02-25 19:02:43.000000,8LC06051J14722530,27.32.27.92,1.0,5.99
2017-03-05 08:17:13.000000,69680064MM5003404,151.43.104.149,1.0,5.99
2017-03-06 15:11:15.000000,5UV26535C4275743A,5.86.161.17,1.0,5.99
2017-03-08 22:27:52.000000,2TA51596MS459713V,208.54.80.177,1.0,5.99
2017-03-16 14:05:32.000000,2HF36076P1956412T,104.238.169.56,1.0,5.99
2017-03-17 08:14:43.000000,43V37939KE892583D,95.90.209.7,1.0,5.99
2017-03-24 07:59:26.000000,9HH39760AH5553827,174.23.224.94,1.0,5.99
2017-03-26 06:15:09.000000,6AR00463G9441991G,71.229.67.94,1.0,5.99
2017-03-27 08:09:03.000000,5KX96580HR4367458,76.187.154.103,1.0,5.99
2017-04-17 06:59:37.000000,6PY66286AK264864Y,184.99.118.36,1.0,5.99
2017-04-20 13:27:09.000000,5M831121SL445810J,96.57.185.186,1.0,5.99
2017-04-22 13:51:55.000000,7S8419246H359925G,"96.81.70.73, 19",1.0,5.99
2017-04-23 19:22:34.000000,2MR78191XN207421E,70.123.234.228,1.0,5.99
2017-04-30 15:44:45.000000,06W62695009250306,199.188.64.50,1.0,5.99
2017-05-09 07:07:48.000000,90X04780UM533863L,128.46.225.218,1.0,5.99
2017-05-10 08:14:14.000000,26N3378467419002U,71.60.249.201,1.0,5.99
2017-05-12 12:58:33.000000,1XK170776D866423B,109.230.34.119,1.0,5.99
2017-05-16 14:55:37.000000,8DK36992E1386752R,12.226.152.2,1.0,5.99
2017-05-17 06:46:06.000000,3JV458012H2884418,2.121.80.142,1.0,5.99
2017-05-18 19:57:25.000000,6R9071795P839270T,72.21.196.66,1.0,5.99
2017-05-24 10:22:35.000000,7MX368603P787011B,67.83.105.4,1.0,5.99
2017-05-27 15:05:44.000000,3GR58688H1234094H,73.119.198.48,1.0,5.99
2017-06-05 11:15:08.000000,0NC15592YJ786335U,104.13.169.246,1.0,5.99
2017-06-07 11:47:01.000000,632856644K990450X,45.30.41.157,1.0,5.99
2017-06-08 08:40:03.000000,2PH67657TP190683M,193.145.254.4,1.0,5.99
2017-06-08 10:09:52.000000,3FT80162TX270564P,76.198.46.26,1.0,5.99
2017-06-10 09:12:37.000000,02S61452YP702381E,70.114.235.159,1.0,5.99
2017-06-13 20:01:01.000000,4TF799352N574573L,68.12.72.199,1.0,5.99
2017-06-16 14:21:58.000000,9WU28312HP642710R,97.120.123.107,1.0,5.99
2017-06-17 04:43:21.000000,7KF11513SP9678457,71.117.156.18,1.0,5.99
2017-06-17 16:44:13.000000,7GY01002XS281764G,174.112.20.194,1.0,5.99
2017-06-26 06:03:17.000000,31S8322798643933U,75.98.136.194,1.0,5.99
2017-06-28 17:07:05.000000,3G677835N6061760E,76.77.164.51,1.0,5.99
2017-06-29 08:32:09.000000,2M5454140J7228415,173.217.112.155,1.0,5.99
2017-06-30 06:43:55.000000,24U67660T3796053E,95.175.104.50,1.0,5.99
2017-07-06 13:17:23.000000,5ML418480P753992D,174.27.148.247,1.0,5.99
2017-07-06 13:22:24.000000,4WW50710UE356781P,174.27.148.247,1.0,5.99
2017-07-07 12:15:26.000000,91A04759HX4629226,81.39.7.164,1.0,5.99
2017-07-08 10:26:13.000000,6J89702245648802C,67.193.115.82,1.0,5.99
2017-07-08 12:05:41.000000,5NP21798SA5879834,47.187.238.87,1.0,5.99
2017-07-09 08:59:44.000000,8DK18194UU809794F,186.52.98.102,1.0,5.99
2017-07-16 07:06:30.000000,0XJ9768758370612A,73.206.168.240,1.0,5.99
2017-07-20 09:31:32.000000,67A22382PF508674V,209.6.192.147,1.0,5.99
2017-07-25 08:45:44.000000,79D34572J47131743,96.89.128.169,1.0,5.99
2017-07-29 12:49:55.000000,441012716N701532G,168.8.128.2,1.0,5.99
2017-07-29 18:20:27.000000,26J55483P9493142S,97.87.104.95,1.0,5.99
2017-08-03 17:16:45.000000,4YU20649J5189381R,24.36.182.219,1.0,5.99
2017-08-11 12:04:57.000000,44A15585JX677433Y,71.229.197.253,1.0,5.99
2017-08-13 11:59:30.000000,40A108608E6687003,73.96.105.20,1.0,5.99
2017-08-17 16:47:57.000000,5KN921433M009784Y,47.208.144.98,1.0,5.99
2017-08-19 08:29:37.000000,0HK66678699193925,203.217.91.179,1.0,3.99
2017-08-21 15:46:46.000000,2FD245683T390973T,205.175.210.212,1.0,5.99
2017-08-26 16:05:58.000000,55N87411GB0989715,174.56.183.210,1.0,5.99
2017-09-22 19:05:18.000000,97C539448F7150540,74.71.215.120,1.0,5.99
2017-09-27 17:03:08.000000,1PF90619RC732653G,97.83.10.191,1.0,5.99
2017-09-29 16:02:15.000000,7K507801TH426853E,69.207.101.68,1.0,5.99
2017-09-30 11:05:11.000000,84C858210D197974J,173.121.219.224,1.0,5.99
2017-10-04 10:17:37.000000,3E598025HL3499917,73.60.244.62,1.0,5.99
2017-10-05 21:13:44.000000,78218850DB910462F,184.23.8.77,1.0,5.99
2017-10-09 17:46:15.000000,6K316516J4163683K,68.35.214.164,1.0,5.99
2017-10-10 18:36:47.000000,1HU40765BG012620P,66.186.236.239,1.0,5.99
2017-10-14 05:14:28.000000,036868959W7291354,173.90.48.190,1.0,5.99
2017-10-14 05:34:43.000000,2AK76923UM287713A,83.248.214.212,1.0,5.99
2017-10-22 00:39:47.000000,4UF942292C303002B,71.212.67.245,1.0,5.99
2017-10-28 16:11:16.000000,1D0371305U102650H,125.239.162.181,1.0,9.99
2017-10-28 20:12:56.000000,3TY77000UU505393U,189.150.49.233,1.0,5.99
2017-10-30 09:01:26.000000,12257064093452026,104.192.88.65,1.0,5.99
2017-11-02 21:58:25.000000,0H475991KH4860519,68.5.168.158,1.0,5.99
2017-11-11 17:39:22.000000,1JW14260JV5880739,180.150.105.21,1.0,5.99
2017-11-13 04:51:38.000000,8N099481SW551272X,62.255.208.66,1.0,5.99
2017-11-15 20:14:25.000000,8L308403V6007893L,49.197.223.60,1.0,9.99
2017-11-20 08:26:12.000000,54H33997VT138390Y,86.40.66.152,1.0,5.99
2017-11-23 12:18:04.000000,9X537443P3723722H,100.12.254.77,1.0,5.99
2017-11-25 05:42:42.000000,15900581596361905,24.214.11.138,1.0,5.99
2017-11-28 07:02:27.000000,45L73446TM230780C,37.24.156.60,1.0,5.99
2017-11-28 10:06:56.000000,0KW53977WE5827019,172.117.124.125,1.0,5.99
2017-11-28 15:53:10.000000,2C060576VJ179600E,174.115.77.144,1.0,5.99
2017-12-02 10:22:39.000000,33H29223PT436002A,98.234.60.171,1.0,5.99
2017-12-02 12:46:44.000000,9Y329970PK496144D,100.36.115.102,1.0,5.99
2017-12-10 17:04:55.000000,0ND842033A7651908,75.168.4.197,1.0,5.99
2017-12-17 15:58:45.000000,07229023JF000893P,216.80.31.32,1.0,5.99
2017-12-22 03:50:44.000000,63U90113HJ9702520,81.243.19.112,1.0,5.99
2017-12-25 15:03:00.000000,5CC34222CU731715G,76.120.212.99,1.0,5.99
2017-12-29 19:31:10.000000,37C98527JY7962829,71.236.18.42,1.0,5.99
2017-12-30 19:21:52.000000,5KG40673SU549561L,72.211.127.251,1.0,5.99
2017-12-31 12:47:08.000000,2TU85794NM7050008,189.61.30.225,1.0,5.99
2018-01-05 23:30:47.000000,36H00275DW5372910,24.56.171.222,1.0,5.99
2018-01-09 11:22:14.000000,1CL58775AL544352F,190.55.205.243,1.0,5.99
2018-01-15 02:39:23.000000,65L318851T748293X,77.166.41.224,1.0,5.99
2018-01-16 11:46:25.000000,5E677548FE252184L,107.212.21.236,1.0,5.99
2018-01-16 11:49:27.000000,4VX71044L92506801,128.100.181.49,1.0,5.99
2018-01-16 14:27:13.000000,2D1506944V743260R,68.21.133.255,1.0,5.99
2018-01-20 17:57:05.000000,2AA35001DL081380E,58.10.65.184,1.0,5.99
2018-01-26 05:33:11.000000,8MB91988J68512318,213.203.133.98,1.0,5.99
2018-01-28 14:17:39.000000,20N7694756735730S,99.40.9.247,1.0,5.99
2018-01-29 12:17:31.000000,8M184110PE899192H,23.243.167.85,1.0,5.99
2018-02-08 18:09:37.000000,9K609481TU652061M,107.77.207.77,1.0,5.99
2018-02-16 12:00:08.000000,2GB24077CR930825C,70.191.224.36,1.0,5.99
2018-02-16 15:19:05.000000,41B13575AE5635930,172.56.2.197,1.0,5.99
2018-02-21 13:19:03.000000,7GR24965MG046484C,93.44.83.93,1.0,5.99
2018-02-23 20:22:56.000000,0E562258A94284533,76.198.157.52,1.0,5.99
2018-03-07 04:58:06.000000,1UV84692GX061771R,212.97.80.70,1.0,5.99
2018-03-08 21:07:16.000000,6JG21814U1787341B,203.213.114.15,1.0,5.99
2018-03-11 01:02:39.000000,490018326M923062U,73.109.58.231,1.0,5.99
2018-03-11 13:33:29.000000,3GN644654K535191E,97.123.14.129,1.0,5.99
2018-03-13 02:13:14.000000,65089531P6799151D,86.134.68.223,1.0,5.99
2018-03-16 03:52:00.000000,6T7706846Y743990V,73.116.32.99,1.0,5.99
2018-03-23 19:02:19.000000,36K26091JS258014V,73.157.36.7,1.0,5.99
2018-03-24 09:29:55.000000,9FG15647DC925634T,73.171.58.99,1.0,5.99
2018-03-24 15:46:16.000000,52M90025UT964850D,68.186.10.164,1.0,5.99
2018-03-26 04:42:45.000000,22A58993DF7401417,217.63.251.118,1.0,5.99
2018-03-30 03:40:10.000000,2E782830S6939553T,84.183.244.194,1.0,5.99
2018-03-31 06:54:33.000000,50K69298F2019421A,82.164.99.197,1.0,5.99
2018-03-31 14:24:35.000000,48U9249137160413W,97.125.148.27,1.0,5.99
2018-04-07 10:18:17.000000,3V011846AD319822Y,78.67.21.213,1.0,5.99
2018-04-10 12:04:11.000000,74M99514LL704735V,88.78.95.73,1.0,5.99
2018-04-15 06:43:23.000000,19732227DW0385539,198.84.184.220,1.0,5.99
2018-04-25 19:12:12.000000,5V034702UT889015Y,71.178.17.59,1.0,5.99
2018-04-25 20:54:34.000000,03U70903EA4830328,76.175.162.109,1.0,5.99
2018-04-28 07:33:00.000000,15Y083967C9995306,108.210.95.153,1.0,5.99
2018-04-30 06:40:18.000000,3S8265716H4024334,196.52.2.7,1.0,5.99
2018-05-17 00:20:24.000000,3MR13125TX507481A,82.76.167.130,1.0,5.99
2018-05-17 08:49:43.000000,59B21679G13877613,73.155.232.95,1.0,5.99
2018-05-19 19:05:44.000000,1X756259H4211171N,75.162.65.209,1.0,5.99
2018-05-23 23:42:17.000000,7DL04945YR270072Y,95.90.238.25,1.0,5.99
2018-05-24 06:48:28.000000,75R185824L843592W,4.34.109.2,1.0,5.99
2018-05-25 14:59:31.000000,2CG06772X45143150,114.124.139.16,1.0,5.99
2018-05-26 14:52:49.000000,47033723PR5864134,96.37.94.23,1.0,5.99
2018-06-01 04:33:02.000000,38L65172D6431881W,172.104.225.168,1.0,5.99
2018-06-03 10:04:14.000000,2TA50317AY5207020,91.155.234.8,1.0,5.99
2018-06-03 13:21:15.000000,0DS20723N7969292L,98.118.108.242,1.0,5.99
2018-06-05 09:58:10.000000,2VY19619FF0505735,172.56.23.122,1.0,5.99
2018-06-07 20:41:51.000000,0GK186782P924282E,99.23.38.30,1.0,5.99
2018-06-15 15:27:26.000000,4W4457275M3131017,172.58.37.255,1.0,5.99
2018-06-20 06:25:39.000000,8V740591GY454412H,67.78.15.206,1.0,5.99
2018-06-26 08:53:30.000000,2XL87781WS271883K,73.225.153.67,1.0,5.99
2018-07-14 01:57:02.000000,9TS0455138225412R,1.152.111.213,1.0,5.99
2018-07-20 06:54:01.000000,41939311F45720249,181.16.88.16,1.0,5.99
2018-07-23 07:39:36.000000,1KU249380C510850P,174.226.134.238,1.0,5.99
2018-08-03 09:26:25.000000,13A37743PC707872W,184.18.78.168,1.0,5.99
2018-08-05 07:46:54.000000,8YU189731A391841V,95.90.222.174,1.0,5.99
2018-08-09 16:16:05.000000,8WH81399A5144231W,68.63.217.189,1.0,5.99
2018-08-11 22:19:01.000000,56N6230555011573K,174.238.137.123,1.0,5.99
2018-08-24 15:37:54.000000,3WF62233VW1931746,205.251.151.18,1.0,5.99
2018-08-27 14:47:06.000000,9T873077VC6443137,66.103.163.18,1.0,5.99
2018-08-28 15:32:46.000000,0CC71407LJ9947610,24.8.195.96,1.0,5.99
2018-08-31 09:05:12.000000,93U467610L380264C,73.119.202.16,1.0,5.99
2018-09-03 13:04:04.000000,8MP07258K2091172X,24.150.86.35,1.0,5.99
2018-09-05 07:27:10.000000,8T6285368E705044T,47.33.196.171,1.0,5.99
2018-09-08 11:40:30.000000,55Y86429DF2619209,24.42.188.238,1.0,5.99
2018-09-10 12:39:10.000000,93S85833J3980073C,192.12.184.7,1.0,5.99
2018-09-14 06:47:42.000000,2MK265210V983360M,184.62.178.207,1.0,5.99
2018-09-15 16:33:52.000000,5SH49046LT590015J,37.228.254.145,1.0,5.99
2018-09-23 11:32:13.000000,6TU263158N0667022,65.191.196.244,1.0,5.99
2018-09-26 12:46:56.000000,64Y10660FV122544G,70.109.135.161,1.0,5.99
2018-09-29 06:33:28.000000,7Y4937700K076772C,68.104.174.37,1.0,5.99
2018-10-03 09:12:26.000000,63D40270XJ4913036,66.66.196.205,1.0,5.99
2018-10-19 06:40:53.000000,0K853106T9221884S,173.62.106.197,1.0,5.99
2018-10-24 01:17:30.000000,45N60217WR407712P,222.152.219.119,1.0,5.99
2018-10-24 18:37:52.000000,16L810228D300290P,39.109.152.113,1.0,5.99
2018-10-27 12:12:36.000000,4V067049BD828184T,173.48.75.81,1.0,5.99
2018-10-30 21:46:16.000000,2XT89451LR720104K,95.44.189.46,1.0,5.99
2018-11-10 09:16:43.000000,44641473BF5112104,174.219.27.246,1.0,5.99
2018-11-16 20:21:28.000000,57T550574S712484U,220.245.134.27,1.0,5.99
2018-11-18 11:08:39.000000,96256960G1778971Y,50.72.120.35,1.0,5.99
2018-12-01 17:22:15.000000,1V8373018H806773B,73.223.181.39,1.0,5.99
2018-12-15 21:36:52.000000,96K17075KY8616312,45.36.52.141,1.0,5.99
2018-12-16 12:44:50.000000,5CS65662C3944851F,107.77.202.76,1.0,5.99
2018-12-22 16:57:02.000000,506884680P1774203,71.194.36.128,1.0,5.99
2018-12-25 08:11:51.000000,32N02266FH902033Y,213.205.194.102,1.0,5.99
2018-12-30 18:45:21.000000,3LT22862LU952893Y,73.152.158.220,1.0,5.99
2019-01-01 08:43:14.000000,3FC62047W5113254C,98.243.50.5,1.0,5.99
2019-01-01 23:14:59.000000,5EC98815WY719245F,219.78.177.187,1.0,5.99
2019-01-02 05:45:17.000000,5PV8232671631330J,212.68.218.213,1.0,5.99
2019-01-03 10:05:10.000000,95M9670139738823T,212.161.4.50,1.0,5.99
2019-01-04 02:38:55.000000,3V37832042400704X,85.119.92.41,1.0,5.99
2019-01-10 23:05:26.000000,55E31331T6867823D,76.102.130.38,1.0,5.99
2019-01-21 10:51:21.000000,39387807GN824242G,162.157.241.9,1.0,5.99
2019-01-30 02:20:54.000000,2DU44346YV075420W,175.223.45.232,1.0,5.99
2019-02-03 10:16:14.000000,7NP27913B1510013Y,67.81.201.96,1.0,5.99
2019-02-03 21:34:44.000000,11136117H9734671P,172.115.220.153,1.0,5.99
2019-02-08 14:06:22.000000,12S47594T67584527,204.209.216.245,1.0,5.99
2019-02-09 15:21:19.000000,1NH68874A8405503V,173.235.148.58,1.0,5.99
2019-02-14 10:04:21.000000,4HJ096692K376382V,174.232.4.122,1.0,5.99
2019-02-24 07:35:58.000000,5V4479576U7030343,73.74.251.18,1.0,5.99
2019-03-02 07:25:43.000000,9WU18213LB5412243,45.18.127.74,1.0,5.99
2019-03-09 11:10:59.000000,67362206W7778404N,181.29.88.137,1.0,5.99
2019-03-11 09:51:44.000000,5EW94511LC175180K,75.98.138.178,1.0,5.99
2019-03-16 20:40:53.000000,9SH99849Y25865336,174.96.227.48,1.0,5.99
2019-03-19 08:05:10.000000,59018903UP338284H,66.203.207.68,1.0,5.99
2019-03-21 06:33:57.000000,5VX657399F935381A,85.76.110.212,1.0,5.99
2019-04-07 05:05:46.000000,055927246F097644X,75.72.213.211,1.0,5.99
2019-04-08 04:35:42.000000,4PS36917BA289194L,"146.209.159.31,",1.0,5.99
2019-04-12 09:04:31.000000,0RX25856G3971992M,143.179.45.4,1.0,5.99
2019-04-19 09:41:20.000000,9BP12068SP3186945,73.82.34.44,1.0,5.99
2019-04-21 16:53:35.000000,4C114333PP748023B,72.93.97.54,1.0,5.99
2019-04-26 06:49:11.000000,4J760825Y75466746,86.150.24.229,1.0,5.99
2019-04-26 14:32:11.000000,5UK13138B16763721,98.221.201.182,1.0,5.99
2019-04-27 16:33:43.000000,22038495KG2658241,104.35.173.86,1.0,5.99
2019-04-28 10:47:45.000000,8M674388AD608502W,108.78.246.197,1.0,5.99
2019-05-03 02:28:06.000000,6DC57893KB6333506,202.156.170.107,1.0,5.99
2019-05-10 07:06:25.000000,1E44184583751783F,109.152.73.76,1.0,5.99
2019-05-16 21:54:46.000000,0VF9662040852393B,70.68.0.248,1.0,5.99
2019-05-21 06:33:46.000000,79G77785J4056532E,24.48.89.25,1.0,5.99
2019-05-21 13:54:02.000000,1LP33718EU378702C,199.96.248.4,1.0,5.99
2019-05-22 10:09:12.000000,9EW85205176499025,77.49.13.241,1.0,5.99
2019-05-26 16:03:57.000000,7KH689583U163280M,73.135.131.82,1.0,5.99
2019-06-04 20:25:57.000000,5EN68705W46150736,99.175.74.172,1.0,5.99
2019-06-09 00:12:22.000000,2MY8470884506824P,176.58.194.149,1.0,5.99
2019-06-09 02:14:47.000000,1E687294BS866633C,62.74.10.143,1.0,5.99
2019-06-09 03:22:36.000000,3JM654970W737454E,178.167.238.244,1.0,5.99
2019-06-14 00:45:51.000000,6NY7905262547104H,77.49.131.122,1.0,5.99
2019-07-03 11:24:00.000000,15U912025D465801Y,93.115.193.227,1.0,5.99
2019-07-21 13:44:55.000000,0X8424653G790471K,70.171.17.187,1.0,5.99
2019-08-01 05:58:16.000000,8YB82277EM432443M,2.110.116.11,1.0,5.99
2019-08-02 02:29:29.000000,0A6456633H186403S,86.80.120.119,1.0,5.99
2019-08-14 20:41:17.000000,3GA3112619852801A,142.122.122.185,1.0,5.99
2019-08-19 09:48:13.000000,37T75552F65085607,23.28.101.188,1.0,5.99
2019-08-21 09:02:15.000000,0F895459NP5011115,128.175.162.23,1.0,5.99
2019-09-10 08:47:15.000000,2D971303TM6521352,75.60.165.190,1.0,5.99
2019-09-12 04:17:48.000000,1S7081103X3611028,62.31.146.100,1.0,5.99
2019-09-16 01:05:17.000000,1WA20792EV359254E,114.110.23.73,1.0,5.99
2019-09-23 20:28:11.000000,5P7605014S1449932,174.141.192.51,1.0,5.99
2019-10-12 19:04:52.000000,7KL08447W40118632,173.19.193.162,1.0,5.99
2019-10-14 06:20:45.000000,7N389239KN365623L,149.5.65.131,1.0,5.99
2019-10-20 11:55:33.000000,4AF50994TT317052L,91.64.211.171,1.0,5.99
2019-10-24 12:16:48.000000,0TY40074T1126131U,46.69.92.23,1.0,5.99
2019-11-04 12:06:10.000000,6SN68436HC572854D,213.31.162.33,1.0,5.99
2019-11-16 13:05:07.000000,07U91231A6795763K,174.62.147.111,1.0,5.99
2019-11-17 06:27:38.000000,2LH602153X368163F,197.245.59.209,1.0,5.99
2019-11-24 07:48:49.000000,13U79133BH571543Y,67.232.199.81,1.0,5.99
2020-01-09 23:00:26.000000,8A5346305L2200054,173.20.148.46,1.0,5.99
2020-01-14 06:25:33.000000,6Y251288604107723,200.251.43.34,1.0,5.99
2020-01-29 20:14:48.000000,04R32411JV1940307,74.126.117.95,1.0,5.99
2020-01-31 05:29:57.000000,8JA285890T603705G,132.166.144.186,1.0,5.99
2020-01-31 20:14:04.000000,2RX0184123949362D,14.202.188.205,1.0,5.99
2020-02-25 02:09:02.000000,1GM56849207748329,88.130.155.30,1.0,5.99
2020-02-27 06:20:49.000000,4JV72411751704746,185.197.138.23,1.0,5.99
2020-03-04 20:33:18.000000,0ST02610UH535512E,98.109.132.178,1.0,5.99
2020-03-14 08:49:41.000000,10S45809BL9786825,80.229.152.202,1.0,5.99
2020-03-15 10:57:11.000000,3VA241556U7611736,50.27.234.62,1.0,5.99
2020-03-15 18:26:23.000000,8XY05651JJ650422K,99.110.160.52,1.0,5.99
2020-03-16 12:53:55.000000,2PX081280M964822T,205.142.197.84,1.0,5.99
2020-03-16 20:18:41.000000,1KD70674YF6783940,74.71.100.40,1.0,5.99
2020-03-17 12:06:20.000000,3VA28034GB6418910,151.80.94.225,1.0,5.99
2020-03-18 05:29:32.000000,jg-1UJH0P-Q7DWJK6AA13F37A,100.35.194.206,1.0,0.0
2020-03-18 05:40:11.000000,jg-1UJH9K-Q7DX1B24E8C6D08,86.215.139.161,1.0,0.0
2020-03-18 05:47:48.000000,07051162K0437650U,67.173.78.32,1.0,5.99
2020-03-18 05:53:40.000000,jg-1UJHQK-Q7DXNSCDA40DD9F,98.221.127.133,1.0,0.0
2020-03-18 05:58:07.000000,jg-1UJHW3-Q7DXV7A719DD02C,216.211.92.73,1.0,0.0
2020-03-18 05:58:52.000000,jg-1UJHX2-Q7DXWG4D4AB8651,95.90.211.47,1.0,0.0
2020-03-18 06:15:56.000000,jg-1UJIG0-Q7DYOWF7B5AF55D,173.92.194.134,1.0,0.0
2020-03-18 06:16:56.000000,jg-1UJIGI-Q7DYQKA4C800A0A,107.77.207.5,1.0,0.0
2020-03-18 06:18:59.000000,jg-1UJIJM-Q7DYTZ02EFB379B,158.180.192.10,1.0,0.0
2020-03-18 06:21:51.000000,jg-1UJIMT-Q7DYYRD8FB08133,71.244.212.150,1.0,0.0
2020-03-18 06:51:11.000000,jg-1UJJIT-Q7E0BN41EF880FA,107.77.209.125,1.0,0.0
2020-03-18 07:03:10.000000,jg-1UJJVA-Q7E0VM901BBF26A,69.165.217.141,1.0,0.0
2020-03-18 07:09:44.000000,jg-1UJK33-Q7E16KB17DD4316,95.90.239.167,1.0,0.0
2020-03-18 07:47:15.000000,jg-1UJL8N-Q7E2X355AC1CED5,24.11.137.116,1.0,0.0
2020-03-18 07:50:56.000000,jg-1UJLBL-Q7E338B08E4C075,92.116.107.169,1.0,0.0
2020-03-18 07:52:31.000000,jg-1UJLBU-Q7E35V030FB5BA8,72.66.125.250,1.0,0.0
2020-03-18 07:53:53.000000,jg-1UJJN5-Q7E3857FE5DBE48,176.199.70.68,1.0,0.0
2020-03-18 07:56:29.000000,jg-1UJLIW-Q7E3CH8268003F6,69.219.169.37,1.0,0.0
2020-03-18 07:57:59.000000,jg-1UJLLA-Q7E3EZ010420681,68.162.212.221,1.0,0.0
2020-03-18 08:16:26.000000,jg-1UJM5F-Q7E49Q4C3923A89,108.29.92.215,1.0,0.0
2020-03-18 08:17:31.000000,jg-1UJM5C-Q7E4BJE74597348,71.202.99.19,1.0,0.0
2020-03-18 08:23:59.000000,jg-1UJME5-Q7E4MB3C7E17B71,96.246.229.13,1.0,0.0
2020-03-18 08:26:08.000000,jg-1UJMGA-Q7E4PWB86AE0C16,192.150.9.201,1.0,0.0
2020-03-18 08:31:47.000000,jg-1UJMHW-Q7E4ZB23587C711,88.130.159.210,1.0,0.0
2020-03-18 08:32:23.000000,jg-1UJMNA-Q7E50B5D7E77EA9,185.204.1.181,1.0,0.0
2020-03-18 08:37:28.000000,jg-1UJMPE-Q7E58SD9C7F51B1,95.91.215.165,1.0,0.0
2020-03-18 08:56:24.000000,jg-1UJNF6-Q7E64CBEA6EC175,164.64.57.14,1.0,0.0
2020-03-18 08:59:29.000000,jg-1UJNJ7-Q7E69H9363A3928,70.121.65.127,1.0,0.0
2020-03-18 09:03:01.000000,jg-1UJNMX-Q7E6FD28FC48EFF,100.35.195.145,1.0,0.0
2020-03-18 10:01:18.000000,2CL77099SD687590F,70.113.18.241,1.0,5.99
2020-03-18 10:24:44.000000,jg-1UJQ6A-Q7EA7K6675670CE,67.161.12.217,1.0,0.0
2020-03-18 10:25:37.000000,jg-1UJQ9K-Q7EA91E878E8EB8,24.107.135.4,1.0,0.0
2020-03-18 10:42:21.000000,jg-1UJQSB-Q7EB0X06A1945AB,144.160.228.104,1.0,0.0
2020-03-18 11:32:54.000000,jg-1UJSHA-Q7EDD66FE0A9E64,24.6.91.220,1.0,0.0
2020-03-18 11:43:00.000000,jg-1UJSRL-Q7EDU0B85221B62,172.58.203.13,1.0,0.0
2020-03-18 11:44:19.000000,jg-1UJSTO-Q7EDW765C3B233D,82.74.129.41,1.0,0.0
2020-03-18 12:44:12.000000,2VJ20654MK348571L,173.62.251.110,1.0,5.99
2020-03-18 13:33:47.000000,jg-1UJWDD-Q7EIYNF22A2F32A,69.53.245.201,1.0,0.0
2020-03-18 13:42:18.000000,jg-1UJWMS-Q7EJCU3FC3DB775,100.11.65.240,1.0,0.0
2020-03-18 13:52:31.000000,jg-1UJWYU-Q7EJTVB3CC3C530,95.90.244.195,1.0,0.0
2020-03-18 14:09:18.000000,14830182CY762662N,78.11.151.67,1.0,5.99
2020-03-18 15:01:32.000000,9TB7355692701790K,24.228.38.10,1.0,5.99
2020-03-18 15:18:57.000000,jg-1UJZUD-Q7ENTX9D81B6112,66.234.34.100,1.0,0.0
2020-03-18 15:19:02.000000,jg-1UJZV4-Q7ENU29C31F9395,69.136.73.147,1.0,0.0
2020-03-18 15:57:03.000000,jg-1UK13F-Q7EPLF79050B097,98.237.81.60,1.0,0.0
2020-03-18 17:39:14.000000,4FM474758T801820U,108.48.151.252,1.0,5.99
2020-03-18 17:45:49.000000,jg-1UK4HK-Q7EUMP2E27506DE,71.104.2.153,1.0,0.0
2020-03-18 18:04:36.000000,jg-1UK53K-Q7EVI00114DBA4B,77.54.121.93,1.0,0.0
2020-03-18 18:32:53.000000,jg-1UK5X8-Q7EWT5E9AEC4390,73.141.174.243,1.0,0.0
2020-03-18 19:10:39.000000,jg-1UK75D-Q7EYK3ED6CF615B,100.34.104.68,1.0,0.0
2020-03-18 19:26:19.000000,26870115K89722236,97.116.105.121,1.0,5.99
2020-03-18 20:00:34.000000,5LK57152SP8219942,73.223.61.252,1.0,5.99
2020-03-18 22:01:18.000000,jg-1UKCI0-Q7F6GI4AD1B28A8,115.114.116.18,1.0,0.0
2020-03-18 23:28:24.000000,jg-1UJJR9-Q7FAHO45459E251,193.228.97.71,1.0,0.0
2020-03-19 00:56:08.000000,jg-1UKHJF-Q7FEJW15E4D3508,87.91.90.149,1.0,0.0
2020-03-19 02:16:00.000000,jg-1UKJSL-Q7FI902EC9C37E3,84.193.67.193,1.0,0.0
2020-03-19 06:30:59.000000,jg-1UKR36-Q7FU1ZA81F8BE59,73.63.161.219,1.0,0.0
2020-03-19 06:59:24.000000,jg-1UKS04-Q7FVDC344B6BF53,108.4.240.169,1.0,0.0
2020-03-19 08:27:09.000000,jg-1UKUO3-Q7FZFL1E7BCD5A3,96.245.96.79,1.0,0.0
2020-03-19 08:28:25.000000,jg-1UKUP4-Q7FZHPE8A673CF3,100.14.2.159,1.0,0.0
2020-03-19 08:48:16.000000,jg-1UKVBN-Q7G0ES51177AF48,73.70.87.160,1.0,0.0
2020-03-19 09:37:51.000000,jg-1UKWVE-Q7G2PFFDC365E02,45.31.178.105,1.0,0.0
2020-03-19 10:35:14.000000,jg-1UKYP3-Q7G5D2996A4D28D,76.127.227.17,1.0,0.0
2020-03-19 13:24:19.000000,jg-1UL46L-Q7GD6V14F20E587,208.94.81.226,1.0,0.0
2020-03-20 11:45:02.000000,jg-1UM7KY-Q7I39E0E3EE229E,67.188.100.161,1.0,0.0
2020-03-20 21:56:46.000000,74Y39359FT069931T,70.36.133.147,1.0,5.99
2020-03-21 03:32:33.000000,3VM27930US531174H,62.202.182.37,1.0,5.99
2020-03-21 05:10:32.000000,18B55156TT4269648,98.113.36.36,1.0,5.99
2020-03-21 13:26:58.000000,0US70415YP135044M,97.86.102.139,1.0,5.99
2020-03-22 06:24:17.000000,jg-1UOAMQ-Q7LDQT01CA7195E,73.165.32.51,1.0,0.0
2020-03-22 07:29:24.000000,jg-1UOCJ7-Q7LGRC0669A634C,73.189.102.6,1.0,0.0
2020-03-22 10:11:10.000000,09N70995107687626,72.82.14.218,1.0,5.99
2020-03-22 10:58:45.000000,54G87269R9916233K,50.4.148.255,1.0,5.99
2020-03-22 14:42:39.000000,jg-1UOQOR-Q7M0TFC4838CE6D,67.180.237.84,1.0,0.0
2020-03-23 13:36:15.000000,jg-1UPW22-Q7NSER6B0C04F63,86.229.137.134,1.0,0.0
2020-03-23 14:05:05.000000,jg-1UPX0U-Q7NTQT69FCF41D5,98.210.167.136,1.0,0.0
2020-03-23 20:37:15.000000,8BB37667VK849172U,107.77.173.31,1.0,5.99
2020-03-24 06:46:07.000000,03546843SV505973T,69.158.125.7,1.0,5.99
2020-03-24 10:00:44.000000,jg-1UQVL7-Q7PD3KC767A5AF2,98.158.242.121,1.0,0.0
2020-03-24 13:04:01.000000,0VV57441RK906881H,98.217.17.207,1.0,5.99
2020-03-24 13:25:33.000000,2V1340208D9575734,97.97.9.119,1.0,5.99
2020-03-24 13:36:30.000000,1MX97915AD0486220,71.57.29.10,1.0,5.99
2020-03-24 13:40:00.000000,6E67601275997662D,98.240.227.186,1.0,5.99
2020-03-24 13:55:38.000000,0RM30108N3315031T,23.240.119.43,1.0,5.99
2020-03-24 14:28:43.000000,6V8295613K701350C,108.4.25.72,1.0,5.99
2020-03-24 14:38:20.000000,8EL19436MW205793P,31.60.137.227,1.0,5.99
2020-03-24 14:48:29.000000,8UP59291CP5283215,192.222.234.20,1.0,5.99
2020-03-24 14:50:37.000000,jg-1UR5O8-Q7PQIPF942FDEC1,71.188.64.232,1.0,0.0
2020-03-24 15:03:16.000000,8AX95745Y8377854R,71.185.197.252,1.0,5.99
2020-03-24 15:11:04.000000,3HK12742DX763761B,172.249.35.126,1.0,5.99
2020-03-24 17:27:00.000000,5JB42557WE046220F,180.150.5.39,1.0,5.99
2020-03-24 19:17:03.000000,2UX52255AN203211F,38.109.147.202,1.0,5.99
2020-03-24 19:42:49.000000,2W1021927X815363B,72.208.116.60,1.0,5.99
2020-03-24 20:18:34.000000,8HU96696DM5929347,70.57.108.188,1.0,5.99
2020-03-24 20:37:12.000000,6X666877290753201,96.77.16.129,1.0,5.99
2020-03-24 21:43:54.000000,4GF65315TB2003941,68.3.152.33,1.0,5.99
2020-03-24 22:03:09.000000,44G21765F10146810,50.80.139.230,1.0,5.99
2020-03-25 00:37:28.000000,16J094731K407045F,83.209.232.58,1.0,5.99
2020-03-25 01:14:39.000000,3F9518871K367490M,213.209.68.79,1.0,5.99
2020-03-25 02:36:03.000000,32W3254551771433V,72.23.195.71,1.0,5.99
2020-03-25 03:06:40.000000,04391069F5740705C,60.224.35.126,1.0,5.99
2020-03-25 03:40:12.000000,78G76215H7679335N,58.164.44.223,1.0,5.99
2020-03-25 04:34:10.000000,0U55092765406363S,104.15.9.62,1.0,5.99
2020-03-25 04:39:13.000000,2B5590349Y493352P,174.112.171.162,1.0,5.99
2020-03-25 04:50:07.000000,1HH59226LU063104V,51.9.130.79,1.0,5.99
2020-03-25 05:44:10.000000,2R103902Y2593201V,109.41.65.70,1.0,5.99
2020-03-25 06:02:43.000000,2MW459852W648122M,173.73.63.52,1.0,5.99
2020-03-25 06:21:04.000000,40V06207PP1520049,79.72.12.16,1.0,5.99
2020-03-25 06:35:35.000000,jg-1URXOX-Q7QY9NAEB7D6F12,98.254.109.39,1.0,0.0
2020-03-25 06:41:19.000000,8LP71653KH210424R,72.211.118.206,1.0,5.99
2020-03-25 06:54:13.000000,2K563793N43040713,208.87.238.201,1.0,5.99
2020-03-25 06:54:56.000000,7JT43305JY828421T,98.124.127.177,1.0,5.99
2020-03-25 06:58:05.000000,4CG75227TP353120R,72.90.93.7,1.0,5.99
2020-03-25 07:16:25.000000,7N9835093S677624W,150.231.246.1,1.0,5.99
2020-03-25 07:32:07.000000,jg-1URZH0-Q7R0VV0E6E93276,204.14.236.150,1.0,0.0
2020-03-25 07:49:40.000000,2WW55406KU181070E,72.180.69.77,1.0,5.99
2020-03-25 08:54:36.000000,37586536M5356323Y,152.160.76.250,1.0,5.99
2020-03-25 08:59:15.000000,95K14707YH0061928,45.26.146.162,1.0,5.99
2020-03-25 09:31:04.000000,4KG964556E341745W,89.205.131.95,1.0,5.99
2020-03-25 09:37:39.000000,1KR37129YV088382M,186.26.117.114,1.0,5.99
2020-03-25 09:48:20.000000,jg-1US3U3-Q7R76W95988F6EF,108.18.115.241,1.0,0.0
2020-03-25 10:33:32.000000,2NU99841A1782720E,75.166.91.132,1.0,5.99
2020-03-25 10:49:46.000000,4B5154171X600234K,64.58.203.51,1.0,5.99
2020-03-25 12:09:23.000000,7U874711WC012945J,24.72.142.204,1.0,5.99
2020-03-25 12:44:54.000000,8U422048BM842902W,104.57.156.22,1.0,5.99
2020-03-25 12:54:52.000000,1C7538121D7564026,208.86.232.16,1.0,5.99
2020-03-25 13:14:08.000000,jg-1USB00-Q7RGPW287C6280E,75.150.246.197,1.0,0.0
2020-03-25 14:15:51.000000,2VK18612U43936134,199.66.196.18,1.0,5.99
2020-03-25 14:17:13.000000,57694876YP577491B,106.69.135.127,1.0,5.99
2020-03-25 15:07:34.000000,87S63147661393121,213.205.202.249,1.0,5.99
2020-03-25 15:15:28.000000,2WV814891K877282U,203.219.214.92,1.0,5.99
2020-03-25 16:47:13.000000,jg-1USI15-Q7RQL1E14581EB5,207.244.109.180,1.0,0.0
2020-03-25 19:11:18.000000,17123491KX7411549,174.66.150.45,1.0,5.99
2020-03-25 19:15:41.000000,6GW321778F1963743,142.79.199.41,1.0,5.99
2020-03-25 19:55:55.000000,2EF46135AK6082348,208.92.45.7,1.0,5.99
2020-03-25 21:41:45.000000,jg-1USR0P-Q7S47X96BDAAEA3,73.254.83.154,5.0,0.0
2020-03-25 23:52:54.000000,98Y87647FY0810548,37.163.238.155,1.0,5.99
2020-03-26 00:25:12.000000,7XF87104W4053783P,90.240.181.20,1.0,5.99
2020-03-26 05:59:44.000000,5M0580726B928225C,80.6.19.161,1.0,5.99
2020-03-26 08:12:36.000000,5M863883U7330215E,73.101.117.98,1.0,5.99
2020-03-26 08:22:22.000000,69E655755K697622T,87.206.26.128,1.0,5.99
2020-03-26 11:41:47.000000,1SM995881V101293M,131.191.11.171,1.0,5.99
2020-03-26 13:21:59.000000,20C68458F9907542S,75.155.76.121,1.0,5.99
2020-03-26 13:32:39.000000,22M258284X7819333,73.211.55.98,1.0,5.99
2020-03-26 20:10:53.000000,6EY30416L3733545V,70.65.64.185,1.0,5.99
2020-03-27 00:52:46.000000,6CE21056BU3917508,175.34.0.219,1.0,5.99
2020-03-27 03:06:50.000000,5H223753HL164604T,213.152.180.5,1.0,5.99
2020-03-27 04:28:47.000000,0S593621SA762710L,213.148.140.66,1.0,5.99
2020-03-27 04:40:48.000000,jg-1UUB0V-Q7UIACAC0C72E67,71.244.109.187,1.0,0.0
2020-03-27 04:44:10.000000,5PH86315WC6663718,137.191.225.106,1.0,5.99
2020-03-27 11:31:31.000000,12008092FT244104Y,172.103.244.150,1.0,5.99
2020-03-27 12:43:33.000000,3U519305JC4620841,200.194.32.183,1.0,5.99
2020-03-27 14:12:34.000000,0C853617102648826,88.68.53.31,1.0,5.99
2020-03-27 14:17:24.000000,4T43982332115710F,73.26.134.164,1.0,5.99
2020-03-27 16:42:51.000000,0CU02991L0594543A,73.32.48.5,1.0,5.99
2020-03-28 05:52:46.000000,14888237NW924433W,50.83.183.183,1.0,5.99
2020-03-28 08:01:27.000000,84A36399GV8730017,182.232.191.240,1.0,5.99
2020-03-28 08:10:53.000000,1E929655CT7354542,151.25.80.33,1.0,5.99
2020-03-28 08:30:55.000000,78H14362BM0191748,37.29.152.204,1.0,5.99
2020-03-28 09:07:41.000000,jg-1UVTVR-Q7WPB5DCC43AF5C,172.221.129.35,1.0,0.0
2020-03-28 09:13:08.000000,8839739912530444K,98.193.96.243,1.0,5.99
2020-03-28 10:35:19.000000,jg-1UVXL8-Q7WTD76DE3A336C,108.2.160.67,1.0,0.0
2020-03-28 12:27:25.000000,1UC66073WV124794R,75.72.240.230,1.0,5.99
2020-03-28 15:02:43.000000,540473995Y688731V,71.238.13.11,1.0,5.99
2020-03-28 19:41:05.000000,6RG801264D6399828,67.141.99.116,1.0,5.99
2020-03-29 07:44:18.000000,jg-1UX86J-Q7YG46D38C86EDC,73.233.196.19,1.0,0.0
2020-03-29 08:10:47.000000,jg-1UX924-Q7YHCB11CC6C7BB,146.115.247.89,1.0,0.0
2020-03-29 08:32:54.000000,3BK11874L8628864F,198.54.106.14,1.0,5.99
2020-03-29 08:41:29.000000,jg-1UXA0S-Q7YIRHED49D0EDB,97.88.114.120,1.0,0.0
2020-03-29 09:51:12.000000,jg-1UXCA4-Q7YLZO936F5044E,162.234.192.14,1.0,0.0
2020-03-29 10:04:24.000000,jg-1UXCSI-Q7YMLO5F2CC8FFD,173.59.29.72,1.0,0.0
2020-03-29 10:12:04.000000,5P041103UA653504Y,75.166.226.96,1.0,5.99
2020-03-29 10:14:31.000000,jg-1UXD0D-Q7YN2J54A979797,108.16.82.30,1.0,0.0
2020-03-29 11:22:24.000000,jg-1UXFEH-Q7YQ7O953688249,96.227.185.225,1.0,0.0
2020-03-29 11:22:33.000000,jg-1UXFE7-Q7YQ7X89A32FE73,73.30.238.78,1.0,0.0
2020-03-29 11:41:53.000000,8XK91316D18758236,68.47.123.102,1.0,5.99
2020-03-29 12:00:58.000000,8D6391144E2383302,24.0.127.120,1.0,5.99
2020-03-29 12:41:35.000000,97C24282N8200073N,89.12.59.54,1.0,5.99
2020-03-29 15:07:38.000000,9MK29677JD1989208,103.213.130.82,1.0,5.99
2020-03-29 17:34:00.000000,jg-1UXRMB-Q7Z7F0664E4F600,71.192.181.173,1.0,0.0
2020-03-29 18:53:50.000000,jg-1UXUB8-Q7ZB423F46DB3D3,70.113.62.47,1.0,0.0
2020-03-30 02:26:09.000000,8KV57797LE016201D,213.127.57.28,1.0,5.99
2020-03-30 05:30:13.000000,jg-1UYD5R-Q804KPE0C31CD93,76.99.150.110,1.0,0.0
2020-03-30 05:35:34.000000,jg-1UYDB9-Q804TM19473DC13,71.226.196.120,1.0,0.0
2020-03-30 10:13:34.000000,jg-1UYMIA-Q80HOY9D769E0D1,108.18.218.151,1.0,0.0
2020-03-30 10:56:00.000000,06T33541TX2099405,174.192.212.49,1.0,5.99
2020-03-30 12:05:21.000000,8BF47569FK3592139,76.98.154.158,1.0,5.99
2020-03-30 23:47:42.000000,8MM25316VF675023D,209.193.20.10,1.0,5.99
2020-03-31 07:19:47.000000,jg-1UZOKD-Q824BB3969DF221,73.165.190.133,1.0,0.0
2020-03-31 09:46:45.000000,jg-1UZT8M-Q82B49C724BADA4,68.83.224.152,1.0,0.0
2020-03-31 09:57:54.000000,jg-1UZTLR-Q82BMU38DCA291F,73.233.161.238,1.0,0.0
2020-03-31 12:07:23.000000,9V911577KL2217720,108.24.158.198,1.0,5.99
2020-03-31 15:20:32.000000,0XD362334D6035730,71.190.213.174,1.0,5.99
2020-04-01 03:02:13.000000,jg-1V0PUP-Q83N2143E0EA922,173.62.164.107,1.0,0.0
2020-04-01 03:47:07.000000,0KH5961236936643V,96.227.71.249,1.0,5.99
2020-04-01 08:32:46.000000,3199767369399805F,77.111.246.32,1.0,5.99
2020-04-02 06:22:36.000000,jg-1V22O6-Q85R00D698E25E8,73.195.248.73,1.0,0.0
2020-04-02 13:56:33.000000,4T987072HP351440T,161.203.26.2,1.0,5.99
2020-04-02 18:54:50.000000,jg-1V2PRE-Q86PTQ335059B31,73.112.53.198,1.0,0.0
2020-04-04 06:04:25.000000,20P342273X477701U,82.0.61.173,1.0,5.99
2020-04-04 10:13:25.000000,5S005212VY3344938,208.73.101.191,1.0,5.99
2020-04-05 13:56:25.000000,8GR817276B966464V,71.163.76.202,1.0,5.99
2020-04-05 17:31:30.000000,87M34057LL5763121,220.240.75.165,1.0,5.99
2020-04-06 12:00:48.000000,jg-1V7CVA-Q8DLBO2FC4989B0,68.81.169.175,1.0,0.0
2020-04-06 13:21:27.000000,jg-1V7FM0-Q8DP23111784867,73.150.48.51,1.0,0.0
2020-04-07 06:36:56.000000,jg-1V89YG-Q8F0ZW03C80541B,174.57.17.169,1.0,0.0
2020-04-07 07:39:43.000000,15F89641RG044354V,85.203.149.77,1.0,5.99
2020-04-07 07:53:59.000000,jg-1UYSZ4-Q8F4KB22C1743A3,99.140.246.131,1.0,0.0
2020-04-07 08:29:44.000000,jg-1V8DNH-Q8F67W93DEEDBC5,73.133.132.222,1.0,0.0
2020-04-07 17:25:56.000000,621924926U873342W,103.252.200.242,1.0,5.99
2020-04-08 01:30:01.000000,34L45638PJ944735S,192.0.209.154,1.0,5.99
2020-04-08 07:04:43.000000,jg-1V9IAU-Q8GWY752B93C90F,99.150.230.123,1.0,0.0
2020-04-08 08:12:49.000000,3MA56572GA9005739,204.113.113.148,1.0,5.99
2020-04-08 11:04:19.000000,8Y189484X6406164N,24.6.34.83,1.0,5.99
2020-04-09 01:19:15.000000,9XB10473UP505713Y,109.255.21.48,1.0,5.99
2020-04-09 22:24:12.000000,jg-1VBHQF-Q8JY6OA51A804C4,46.117.10.71,1.0,0.0
2020-04-10 17:13:31.000000,72V82292K1809224L,124.150.74.98,1.0,5.99
2020-04-11 10:24:09.000000,8P946672LL5842846,68.98.154.185,1.0,5.99
2020-04-11 11:02:05.000000,8NA54145M53376926,104.174.28.161,1.0,5.99
2020-04-11 16:23:08.000000,8UU26924US434143L,96.55.144.35,1.0,5.99
2020-04-12 06:19:58.000000,0BX08112E3426953X,109.40.241.183,1.0,5.99
2020-04-12 07:06:33.000000,0J905353KR112844X,68.32.156.206,1.0,5.99
2020-04-12 07:19:29.000000,6HL78421XB7614223,71.179.169.36,1.0,5.99
2020-04-12 12:58:37.000000,5DF86930HL0748452,24.183.74.97,1.0,5.99
2020-04-15 06:28:39.000000,0G182176DV4979744,151.203.77.136,1.0,5.99
2020-04-16 10:35:31.000000,89H48218RV521274A,71.14.42.79,1.0,5.99
2020-04-16 17:24:31.000000,8JC44819NE216262P,204.14.236.150,1.0,5.99
2020-04-16 20:19:52.000000,9CP18154L8491524D,204.14.239.82,1.0,5.99
2020-04-17 11:58:32.000000,2RW91540U92299049,69.47.225.146,1.0,5.99
2020-04-20 19:08:27.000000,jg-1VPMZU-Q942GF75B1080B6,73.188.244.91,1.0,0.0
2020-04-24 18:16:43.000000,0YK76272GG266732C,73.239.67.252,1.0,5.99
2020-04-25 18:22:04.000000,6VM78072DL149842C,136.37.34.120,1.0,5.99
2020-04-26 08:47:38.000000,8BS767731J252370P,73.141.70.233,1.0,5.99
2020-04-26 17:35:38.000000,78D99966RT8955708,108.52.166.159,1.0,5.99
2020-04-28 02:49:09.000000,80E96842F12004845,185.56.100.67,1.0,5.99
2020-05-03 19:06:17.000000,1VB82923SM055792S,136.53.53.157,1.0,5.99
2020-05-04 20:49:22.000000,1LD380275J475861T,74.71.104.107,1.0,5.99
2020-05-08 00:27:28.000000,1LW51149014136041,49.185.21.235,1.0,5.99
2020-05-23 05:43:43.000000,54824261VX6866348,80.167.142.7,1.0,5.99
